,ID,Wohnhaft,Alter,S Leitsatz 1,S Leitsatz 2,S Leitsatz 3,S Leitsatz 4,S Leitsatz 5,S Leitsatz 6,L Leitsatz 1,L Leitsatz 2,L Leitsatz 3,L Leitsatz 4,L Leitsatz 5,Alter num,Wohnhaft num
0,1602053439,Extern,Zwischen 41 und 60 Jahre alt,0.0,0.0,0.0,0.0,0.0,0.0,0.0,0.0,0.0,0.0,0.0,0,0
1,140262183,Extern,Zwischen 61 und 75 Jahre alt,2.0,2.0,2.0,2.0,2.0,-1.0,0.0,-2.0,2.0,1.0,-2.0,1,0
2,1625313882,Extern,Zwischen 26 und 40 Jahre alt,2.0,2.0,2.0,2.0,2.0,1.0,2.0,2.0,2.0,1.0,0.0,2,0
3,1974612600,Extern,Über 75 Jahre alt,2.0,2.0,1.0,2.0,1.0,2.0,2.0,2.0,2.0,2.0,2.0,3,0
4,756045323,Extern,Zwischen 26 und 40 Jahre alt,1.0,2.0,2.0,2.0,2.0,2.0,2.0,2.0,2.0,2.0,2.0,2,0
5,2027790384,Extern,Zwischen 41 und 60 Jahre alt,2.0,2.0,2.0,2.0,2.0,2.0,2.0,2.0,0.0,0.0,0.0,0,0
6,809298633,Extern,Zwischen 26 und 40 Jahre alt,-2.0,1.0,1.0,2.0,2.0,2.0,2.0,-2.0,1.0,1.0,2.0,2,0
7,1706994662,Extern,Zwischen 26 und 40 Jahre alt,2.0,2.0,2.0,2.0,1.0,2.0,2.0,2.0,2.0,1.0,2.0,2,0
8,240842736,Extern,Zwischen 41 und 60 Jahre alt,2.0,2.0,2.0,2.0,2.0,2.0,2.0,1.0,2.0,2.0,2.0,0,0
9,1247879003,Extern,Zwischen 41 und 60 Jahre alt,2.0,2.0,2.0,1.0,1.0,1.0,1.0,1.0,1.0,1.0,1.0,0,0
10,291095922,Extern,Zwischen 61 und 75 Jahre alt,-2.0,-1.0,-1.0,2.0,2.0,2.0,2.0,2.0,2.0,2.0,2.0,1,0
11,1656863262,Extern,Zwischen 41 und 60 Jahre alt,1.0,1.0,1.0,-1.0,1.0,2.0,-2.0,1.0,-1.0,-1.0,-2.0,0,0
12,413135575,Gebiet A,Zwischen 41 und 60 Jahre alt,2.0,2.0,2.0,2.0,2.0,2.0,2.0,2.0,2.0,2.0,2.0,0,1
13,529964454,Gebiet A,Zwischen 61 und 75 Jahre alt,2.0,2.0,2.0,2.0,2.0,2.0,2.0,2.0,2.0,2.0,2.0,1,1
14,594020145,Gebiet A,Zwischen 16 und 25 Jahre alt,-1.0,2.0,1.0,1.0,1.0,1.0,2.0,-1.0,1.0,1.0,2.0,4,1
15,141208166,Gebiet A,Zwischen 41 und 60 Jahre alt,-2.0,-2.0,-2.0,2.0,2.0,-2.0,-2.0,2.0,2.0,2.0,2.0,0,1
16,1995658185,Gebiet A,Zwischen 61 und 75 Jahre alt,-1.0,2.0,-2.0,2.0,2.0,0.0,2.0,1.0,2.0,1.0,2.0,1,1
17,15917255,Gebiet A,Zwischen 41 und 60 Jahre alt,-1.0,2.0,2.0,-1.0,-1.0,2.0,2.0,2.0,2.0,2.0,2.0,0,1
18,1800836712,Gebiet A,Zwischen 61 und 75 Jahre alt,-1.0,1.0,1.0,2.0,2.0,2.0,1.0,2.0,2.0,2.0,2.0,1,1
19,1048638492,Gebiet A,Zwischen 26 und 40 Jahre alt,-2.0,2.0,2.0,2.0,2.0,2.0,2.0,2.0,2.0,-1.0,2.0,2,1
20,1893246827,Gebiet A,Zwischen 61 und 75 Jahre alt,-2.0,-2.0,-2.0,2.0,2.0,1.0,1.0,2.0,2.0,-2.0,1.0,1,1
21,5104517,Gebiet A,Zwischen 41 und 60 Jahre alt,-1.0,2.0,2.0,2.0,-2.0,2.0,2.0,2.0,2.0,2.0,2.0,0,1
22,592430460,Gebiet A,Zwischen 41 und 60 Jahre alt,1.0,1.0,1.0,1.0,2.0,1.0,1.0,2.0,2.0,2.0,2.0,0,1
23,512044482,Gebiet A,Zwischen 41 und 60 Jahre alt,-1.0,1.0,1.0,2.0,2.0,2.0,2.0,2.0,2.0,2.0,2.0,0,1
24,1134344752,Gebiet A,Zwischen 41 und 60 Jahre alt,-2.0,-1.0,-1.0,2.0,2.0,2.0,2.0,2.0,2.0,2.0,2.0,0,1
25,1950751929,Gebiet A,Zwischen 41 und 60 Jahre alt,-2.0,2.0,-2.0,1.0,2.0,2.0,0.0,-1.0,2.0,1.0,2.0,0,1
26,1371828903,Gebiet A,Zwischen 16 und 25 Jahre alt,2.0,2.0,2.0,2.0,2.0,2.0,1.0,2.0,2.0,0.0,2.0,4,1
27,1360059996,Gebiet A,Zwischen 61 und 75 Jahre alt,-2.0,-2.0,2.0,2.0,2.0,2.0,2.0,2.0,2.0,2.0,2.0,1,1
28,948541006,Gebiet A,Zwischen 26 und 40 Jahre alt,-2.0,1.0,1.0,2.0,-1.0,1.0,2.0,2.0,2.0,1.0,2.0,2,1
29,1975760484,Gebiet A,Zwischen 26 und 40 Jahre alt,-1.0,1.0,-1.0,1.0,1.0,1.0,1.0,2.0,1.0,1.0,1.0,2,1
30,1246588350,Gebiet A,Zwischen 26 und 40 Jahre alt,-1.0,2.0,1.0,2.0,2.0,2.0,1.0,2.0,2.0,2.0,2.0,2,1
31,901676612,Gebiet A,Zwischen 41 und 60 Jahre alt,-1.0,2.0,2.0,1.0,1.0,1.0,2.0,2.0,2.0,1.0,2.0,0,1
32,2080001060,Gebiet A,Zwischen 61 und 75 Jahre alt,1.0,2.0,2.0,2.0,2.0,2.0,1.0,2.0,2.0,1.0,-1.0,1,1
33,1344427490,Gebiet A,Zwischen 41 und 60 Jahre alt,-2.0,2.0,2.0,2.0,2.0,2.0,2.0,2.0,2.0,2.0,2.0,0,1
34,734856438,Gebiet A,Zwischen 61 und 75 Jahre alt,2.0,2.0,2.0,2.0,2.0,2.0,2.0,2.0,2.0,2.0,2.0,1,1
35,508559587,Gebiet A,Zwischen 61 und 75 Jahre alt,-1.0,-1.0,-2.0,2.0,2.0,1.0,1.0,-1.0,2.0,1.0,-1.0,1,1
36,688247290,Gebiet A,Zwischen 61 und 75 Jahre alt,-1.0,2.0,2.0,2.0,2.0,2.0,2.0,2.0,2.0,2.0,2.0,1,1
37,1871687553,Gebiet A,Zwischen 26 und 40 Jahre alt,1.0,2.0,2.0,-1.0,-1.0,1.0,1.0,2.0,2.0,2.0,2.0,2,1
38,1916350990,Gebiet A,Zwischen 41 und 60 Jahre alt,-1.0,-1.0,2.0,1.0,1.0,2.0,2.0,2.0,2.0,2.0,2.0,0,1
39,374592858,Gebiet A,Zwischen 41 und 60 Jahre alt,-1.0,-1.0,2.0,1.0,1.0,2.0,2.0,2.0,2.0,2.0,2.0,0,1
40,337568611,Gebiet A,Zwischen 61 und 75 Jahre alt,2.0,2.0,2.0,2.0,1.0,2.0,2.0,2.0,2.0,2.0,2.0,1,1
41,613320206,Gebiet A,Zwischen 16 und 25 Jahre alt,-1.0,1.0,-1.0,-1.0,1.0,2.0,-2.0,-2.0,-2.0,-2.0,-1.0,4,1
42,448187892,Gebiet A,Zwischen 61 und 75 Jahre alt,-2.0,-2.0,-1.0,-1.0,1.0,2.0,-1.0,2.0,2.0,1.0,-1.0,1,1
43,2128445438,Gebiet A,Zwischen 61 und 75 Jahre alt,0.0,0.0,0.0,1.0,0.0,0.0,-1.0,-2.0,-1.0,1.0,0.0,1,1
44,924848662,Gebiet A,Zwischen 61 und 75 Jahre alt,2.0,2.0,2.0,2.0,2.0,2.0,2.0,2.0,2.0,2.0,2.0,1,1
45,1784442773,Gebiet A,Zwischen 41 und 60 Jahre alt,-1.0,2.0,1.0,1.0,1.0,2.0,2.0,2.0,2.0,2.0,2.0,0,1
46,527705897,Gebiet A,Zwischen 61 und 75 Jahre alt,1.0,2.0,1.0,1.0,1.0,1.0,1.0,2.0,2.0,2.0,2.0,1,1
47,943861874,Gebiet A,Zwischen 61 und 75 Jahre alt,-1.0,-1.0,-1.0,2.0,2.0,2.0,2.0,1.0,2.0,2.0,2.0,1,1
48,1420199923,Gebiet A,Zwischen 41 und 60 Jahre alt,-1.0,2.0,2.0,2.0,2.0,2.0,1.0,-1.0,2.0,2.0,2.0,0,1
49,1626167670,Gebiet A,Zwischen 41 und 60 Jahre alt,1.0,1.0,1.0,1.0,1.0,1.0,-2.0,2.0,2.0,2.0,1.0,0,1
50,520743623,Gebiet A,Zwischen 41 und 60 Jahre alt,2.0,1.0,2.0,2.0,-1.0,2.0,1.0,1.0,1.0,2.0,1.0,0,1
51,2073652624,Gebiet A,Zwischen 61 und 75 Jahre alt,2.0,2.0,2.0,2.0,2.0,2.0,2.0,1.0,2.0,2.0,2.0,1,1
52,1296621318,Gebiet A,Zwischen 41 und 60 Jahre alt,1.0,-1.0,-1.0,1.0,1.0,1.0,1.0,2.0,2.0,2.0,1.0,0,1
53,1493704064,Gebiet A,Zwischen 41 und 60 Jahre alt,1.0,-1.0,1.0,2.0,2.0,1.0,1.0,2.0,2.0,1.0,2.0,0,1
54,1690958117,Gebiet A,Zwischen 41 und 60 Jahre alt,2.0,-1.0,1.0,2.0,-1.0,2.0,2.0,2.0,2.0,0.0,1.0,0,1
55,1909769531,Gebiet A,Zwischen 41 und 60 Jahre alt,-1.0,2.0,2.0,1.0,2.0,1.0,1.0,-1.0,2.0,2.0,2.0,0,1
56,1697866147,Gebiet A,Zwischen 41 und 60 Jahre alt,-1.0,0.0,-1.0,1.0,1.0,1.0,1.0,1.0,2.0,2.0,-1.0,0,1
57,553568918,Gebiet A,Zwischen 41 und 60 Jahre alt,-2.0,-2.0,-2.0,2.0,2.0,1.0,1.0,2.0,2.0,1.0,2.0,0,1
58,1645990850,Gebiet A,Zwischen 16 und 25 Jahre alt,1.0,-2.0,1.0,2.0,2.0,2.0,1.0,-2.0,2.0,1.0,1.0,4,1
59,1030061321,Gebiet A,Zwischen 61 und 75 Jahre alt,0.0,2.0,1.0,-1.0,1.0,1.0,-2.0,-1.0,2.0,-1.0,1.0,1,1
60,1064136508,Gebiet A,Zwischen 61 und 75 Jahre alt,-1.0,1.0,0.0,2.0,1.0,0.0,2.0,-1.0,2.0,1.0,2.0,1,1
61,142866646,Gebiet A,Zwischen 41 und 60 Jahre alt,-1.0,-2.0,0.0,1.0,2.0,2.0,-2.0,0.0,2.0,2.0,2.0,0,1
62,1739662468,Gebiet A,Zwischen 41 und 60 Jahre alt,-1.0,2.0,1.0,2.0,2.0,1.0,1.0,2.0,2.0,2.0,2.0,0,1
63,1809279671,Gebiet A,Zwischen 61 und 75 Jahre alt,-2.0,1.0,2.0,2.0,2.0,2.0,2.0,-1.0,2.0,2.0,2.0,1,1
64,794952821,Gebiet A,Zwischen 41 und 60 Jahre alt,-1.0,1.0,1.0,2.0,2.0,1.0,1.0,1.0,2.0,1.0,1.0,0,1
65,1239358937,Gebiet A,Zwischen 26 und 40 Jahre alt,-2.0,-2.0,-2.0,2.0,2.0,1.0,2.0,2.0,2.0,1.0,1.0,2,1
66,1866369651,Gebiet A,Zwischen 41 und 60 Jahre alt,-2.0,1.0,-1.0,-1.0,2.0,2.0,2.0,2.0,2.0,1.0,1.0,0,1
67,549964074,Gebiet A,Zwischen 16 und 25 Jahre alt,1.0,1.0,-1.0,2.0,2.0,1.0,1.0,2.0,1.0,2.0,1.0,4,1
68,129186450,Gebiet A,Zwischen 26 und 40 Jahre alt,-1.0,2.0,2.0,-2.0,2.0,2.0,2.0,2.0,2.0,2.0,2.0,2,1
69,174652629,Gebiet A,Zwischen 41 und 60 Jahre alt,2.0,2.0,2.0,2.0,2.0,2.0,2.0,2.0,2.0,2.0,2.0,0,1
70,1629452618,Gebiet A,Zwischen 61 und 75 Jahre alt,-2.0,1.0,-1.0,2.0,2.0,2.0,1.0,1.0,2.0,1.0,1.0,1,1
71,1159931434,Gebiet A,Zwischen 41 und 60 Jahre alt,-2.0,1.0,-1.0,2.0,2.0,1.0,1.0,1.0,2.0,1.0,1.0,0,1
72,1130629675,Gebiet B,Zwischen 41 und 60 Jahre alt,-2.0,-2.0,2.0,2.0,2.0,2.0,2.0,2.0,2.0,2.0,2.0,0,2
73,1984932318,Gebiet B,Zwischen 61 und 75 Jahre alt,1.0,-1.0,1.0,1.0,1.0,1.0,1.0,-2.0,-2.0,-2.0,-1.0,1,2
74,2022476957,Gebiet B,Zwischen 26 und 40 Jahre alt,2.0,2.0,2.0,2.0,2.0,2.0,2.0,1.0,2.0,1.0,1.0,2,2
75,107841802,Gebiet B,Zwischen 41 und 60 Jahre alt,-2.0,1.0,1.0,2.0,2.0,2.0,2.0,2.0,2.0,1.0,1.0,0,2
76,1990535153,Gebiet B,Zwischen 41 und 60 Jahre alt,-2.0,1.0,1.0,1.0,1.0,1.0,2.0,2.0,2.0,2.0,2.0,0,2
77,247591155,Gebiet B,Zwischen 41 und 60 Jahre alt,1.0,1.0,1.0,2.0,1.0,1.0,2.0,2.0,2.0,1.0,1.0,0,2
78,393384051,Gebiet B,Zwischen 41 und 60 Jahre alt,2.0,2.0,2.0,2.0,0.0,2.0,-1.0,2.0,2.0,2.0,2.0,0,2
79,2129361590,Gebiet B,Zwischen 41 und 60 Jahre alt,-1.0,0.0,1.0,1.0,1.0,1.0,1.0,-1.0,1.0,1.0,1.0,0,2
80,856675816,Gebiet B,Zwischen 26 und 40 Jahre alt,-2.0,-1.0,0.0,2.0,-2.0,1.0,-1.0,-1.0,1.0,1.0,0.0,2,2
81,285163765,Gebiet B,Zwischen 26 und 40 Jahre alt,2.0,2.0,2.0,2.0,2.0,2.0,2.0,2.0,2.0,2.0,2.0,2,2
82,470124227,Gebiet B,Zwischen 41 und 60 Jahre alt,-1.0,2.0,2.0,1.0,1.0,2.0,2.0,2.0,2.0,2.0,2.0,0,2
83,718826798,Gebiet B,Zwischen 41 und 60 Jahre alt,-2.0,-1.0,-1.0,2.0,2.0,1.0,1.0,-2.0,1.0,-1.0,-1.0,0,2
84,644886572,Gebiet B,Zwischen 26 und 40 Jahre alt,-2.0,1.0,1.0,2.0,2.0,2.0,2.0,0.0,2.0,2.0,1.0,2,2
85,1420364403,Gebiet B,Zwischen 41 und 60 Jahre alt,-2.0,-1.0,-2.0,2.0,1.0,1.0,1.0,-1.0,1.0,1.0,2.0,0,2
86,1774051695,Gebiet B,Zwischen 26 und 40 Jahre alt,0.0,0.0,0.0,0.0,0.0,0.0,0.0,0.0,0.0,0.0,0.0,2,2
87,2101190529,Gebiet B,Zwischen 41 und 60 Jahre alt,1.0,2.0,1.0,2.0,2.0,2.0,2.0,2.0,2.0,2.0,2.0,0,2
88,377987499,Gebiet B,Zwischen 41 und 60 Jahre alt,1.0,2.0,1.0,2.0,2.0,2.0,2.0,2.0,2.0,1.0,2.0,0,2
89,1298991487,Gebiet B,Zwischen 41 und 60 Jahre alt,-2.0,-2.0,1.0,2.0,2.0,2.0,0.0,-1.0,2.0,2.0,2.0,0,2
90,1604584643,Gebiet B,Zwischen 41 und 60 Jahre alt,-1.0,2.0,1.0,2.0,1.0,1.0,1.0,1.0,2.0,2.0,2.0,0,2
91,752386244,Gebiet B,Zwischen 41 und 60 Jahre alt,-2.0,1.0,1.0,1.0,1.0,1.0,1.0,2.0,2.0,1.0,2.0,0,2
92,1366597405,Gebiet B,Zwischen 41 und 60 Jahre alt,-2.0,-2.0,1.0,2.0,2.0,2.0,1.0,1.0,2.0,2.0,1.0,0,2
93,105500365,Gebiet B,Über 75 Jahre alt,2.0,2.0,2.0,2.0,2.0,2.0,2.0,2.0,2.0,2.0,2.0,3,2
94,836396967,Gebiet B,Zwischen 61 und 75 Jahre alt,-2.0,1.0,1.0,2.0,2.0,1.0,2.0,2.0,2.0,2.0,2.0,1,2
95,778861172,Gebiet B,Zwischen 61 und 75 Jahre alt,0.0,0.0,0.0,0.0,0.0,0.0,0.0,0.0,0.0,0.0,0.0,1,2
96,1954581466,Gebiet B,Zwischen 61 und 75 Jahre alt,-1.0,2.0,2.0,2.0,2.0,-2.0,2.0,-1.0,2.0,-1.0,1.0,1,2
97,74701612,Gebiet B,Zwischen 61 und 75 Jahre alt,-2.0,2.0,2.0,2.0,2.0,-2.0,2.0,1.0,2.0,-1.0,1.0,1,2
98,354778081,Gebiet B,Zwischen 41 und 60 Jahre alt,1.0,2.0,-1.0,2.0,2.0,-1.0,2.0,2.0,2.0,1.0,2.0,0,2
99,1744979346,Gebiet B,Zwischen 41 und 60 Jahre alt,2.0,0.0,-2.0,-2.0,-2.0,2.0,2.0,-2.0,-2.0,-2.0,-2.0,0,2
100,2080611102,Gebiet B,Zwischen 41 und 60 Jahre alt,2.0,-1.0,1.0,1.0,2.0,1.0,2.0,2.0,2.0,2.0,2.0,0,2
101,1136081342,Gebiet B,Zwischen 61 und 75 Jahre alt,-2.0,2.0,1.0,1.0,1.0,1.0,-2.0,-1.0,2.0,2.0,1.0,1,2
102,210225113,Gebiet B,Zwischen 61 und 75 Jahre alt,-2.0,1.0,1.0,2.0,2.0,1.0,2.0,2.0,2.0,2.0,2.0,1,2
103,581876533,Gebiet B,Zwischen 61 und 75 Jahre alt,-1.0,2.0,1.0,-2.0,1.0,2.0,-1.0,2.0,1.0,2.0,2.0,1,2
104,397397531,Gebiet B,Zwischen 26 und 40 Jahre alt,1.0,1.0,2.0,2.0,2.0,2.0,2.0,2.0,2.0,2.0,2.0,2,2
105,1676130837,Gebiet B,Zwischen 41 und 60 Jahre alt,1.0,1.0,1.0,1.0,1.0,1.0,1.0,-2.0,1.0,-1.0,-1.0,0,2
106,725817173,Gebiet B,Zwischen 41 und 60 Jahre alt,2.0,2.0,1.0,2.0,2.0,0.0,2.0,2.0,1.0,2.0,0.0,0,2
107,184038341,Gebiet B,Zwischen 61 und 75 Jahre alt,-2.0,2.0,-1.0,2.0,1.0,2.0,1.0,1.0,2.0,2.0,2.0,1,2
108,1665005611,Gebiet B,Über 75 Jahre alt,-1.0,2.0,1.0,2.0,2.0,2.0,2.0,2.0,2.0,2.0,2.0,3,2
109,294448915,Gebiet B,Zwischen 41 und 60 Jahre alt,-2.0,1.0,-1.0,2.0,2.0,2.0,2.0,2.0,2.0,1.0,2.0,0,2
110,1130408516,Gebiet B,Zwischen 61 und 75 Jahre alt,-2.0,2.0,0.0,0.0,0.0,0.0,0.0,0.0,0.0,0.0,0.0,1,2
111,1063488128,Gebiet B,Bis 15 Jahre alt,-2.0,-1.0,-2.0,2.0,2.0,1.0,2.0,2.0,2.0,2.0,2.0,5,2
112,1829654866,Gebiet B,Zwischen 16 und 25 Jahre alt,-1.0,2.0,2.0,2.0,2.0,2.0,2.0,2.0,1.0,2.0,2.0,4,2
113,533350651,Gebiet B,Zwischen 41 und 60 Jahre alt,-2.0,1.0,-1.0,1.0,1.0,2.0,2.0,2.0,2.0,-1.0,-1.0,0,2
114,577730682,Gebiet B,Zwischen 41 und 60 Jahre alt,1.0,2.0,2.0,2.0,2.0,2.0,2.0,2.0,2.0,2.0,2.0,0,2
115,1144775898,Gebiet B,Zwischen 41 und 60 Jahre alt,-1.0,2.0,1.0,1.0,1.0,2.0,2.0,2.0,2.0,1.0,2.0,0,2
116,2072013078,Gebiet B,Zwischen 41 und 60 Jahre alt,-2.0,-1.0,-2.0,2.0,2.0,2.0,2.0,1.0,2.0,2.0,2.0,0,2
117,984283137,Gebiet B,Zwischen 41 und 60 Jahre alt,-2.0,-1.0,-1.0,-2.0,-2.0,-1.0,1.0,1.0,2.0,2.0,1.0,0,2
118,1877069403,Gebiet B,Über 75 Jahre alt,-1.0,2.0,2.0,1.0,2.0,2.0,2.0,2.0,2.0,2.0,2.0,3,2
119,1198882010,Gebiet B,Zwischen 41 und 60 Jahre alt,-2.0,-2.0,-2.0,1.0,-1.0,-2.0,-1.0,-2.0,-2.0,1.0,-2.0,0,2
120,1146487415,Gebiet B,Zwischen 16 und 25 Jahre alt,2.0,2.0,2.0,2.0,2.0,2.0,2.0,2.0,2.0,2.0,2.0,4,2
121,1377835560,Gebiet B,Zwischen 26 und 40 Jahre alt,1.0,2.0,1.0,2.0,2.0,2.0,2.0,2.0,2.0,2.0,2.0,2,2
122,943187197,Gebiet B,Zwischen 41 und 60 Jahre alt,2.0,2.0,2.0,2.0,2.0,2.0,1.0,-1.0,2.0,1.0,1.0,0,2
123,1972156429,Gebiet B,Zwischen 61 und 75 Jahre alt,-1.0,2.0,2.0,1.0,2.0,2.0,2.0,2.0,2.0,2.0,2.0,1,2
124,1065094804,Gebiet B,Zwischen 41 und 60 Jahre alt,-2.0,0.0,-2.0,2.0,2.0,2.0,2.0,2.0,2.0,2.0,2.0,0,2
125,640816963,Gebiet B,Zwischen 41 und 60 Jahre alt,2.0,2.0,2.0,2.0,2.0,2.0,2.0,1.0,2.0,-1.0,2.0,0,2
126,540339603,Gebiet B,Zwischen 26 und 40 Jahre alt,-1.0,2.0,1.0,2.0,0.0,1.0,0.0,2.0,2.0,1.0,-1.0,2,2
127,1820684518,Gebiet B,Zwischen 41 und 60 Jahre alt,-2.0,-1.0,-1.0,1.0,2.0,2.0,2.0,2.0,2.0,1.0,2.0,0,2
128,2048456392,Gebiet B,Zwischen 61 und 75 Jahre alt,-1.0,-1.0,-1.0,1.0,1.0,-1.0,-1.0,1.0,1.0,1.0,1.0,1,2
129,1101896628,Gebiet B,Zwischen 41 und 60 Jahre alt,-2.0,1.0,-2.0,2.0,2.0,2.0,2.0,2.0,2.0,1.0,2.0,0,2
130,168110488,Gebiet B,Zwischen 61 und 75 Jahre alt,-2.0,-2.0,-2.0,2.0,2.0,1.0,2.0,2.0,2.0,2.0,2.0,1,2
131,160397469,Gebiet B,Zwischen 16 und 25 Jahre alt,-1.0,1.0,1.0,2.0,2.0,1.0,2.0,-1.0,2.0,1.0,2.0,4,2
132,1770222734,Gebiet B,Zwischen 26 und 40 Jahre alt,-1.0,2.0,0.0,2.0,0.0,2.0,2.0,1.0,2.0,0.0,1.0,2,2
133,743090847,Gebiet B,Zwischen 41 und 60 Jahre alt,1.0,2.0,2.0,2.0,2.0,2.0,2.0,2.0,2.0,2.0,2.0,0,2
134,801757786,Gebiet B,Zwischen 61 und 75 Jahre alt,-2.0,-2.0,-1.0,2.0,2.0,2.0,1.0,2.0,2.0,2.0,2.0,1,2
135,803854241,Gebiet B,Zwischen 61 und 75 Jahre alt,-2.0,2.0,-1.0,2.0,2.0,2.0,2.0,2.0,2.0,2.0,2.0,1,2
136,1726433042,Gebiet B,Zwischen 61 und 75 Jahre alt,1.0,2.0,2.0,2.0,2.0,2.0,2.0,2.0,2.0,2.0,1.0,1,2
137,1765818941,Gebiet B,Zwischen 61 und 75 Jahre alt,-1.0,2.0,-1.0,2.0,2.0,0.0,1.0,2.0,1.0,-1.0,1.0,1,2
138,1940280462,Gebiet B,Zwischen 41 und 60 Jahre alt,2.0,2.0,2.0,2.0,2.0,2.0,2.0,2.0,2.0,2.0,2.0,0,2
139,1655115210,Gebiet B,Zwischen 61 und 75 Jahre alt,-1.0,1.0,1.0,2.0,1.0,1.0,2.0,2.0,2.0,1.0,1.0,1,2
140,973982541,Gebiet B,Zwischen 41 und 60 Jahre alt,1.0,-1.0,-2.0,2.0,2.0,1.0,2.0,-1.0,1.0,2.0,1.0,0,2
141,1552433679,Gebiet B,Zwischen 41 und 60 Jahre alt,1.0,2.0,2.0,1.0,2.0,2.0,0.0,2.0,2.0,2.0,2.0,0,2
142,1893883958,Gebiet B,Zwischen 41 und 60 Jahre alt,2.0,2.0,1.0,2.0,2.0,1.0,2.0,2.0,2.0,2.0,2.0,0,2
143,107599241,Gebiet B,Über 75 Jahre alt,-2.0,2.0,2.0,2.0,2.0,2.0,-1.0,-1.0,2.0,2.0,-1.0,3,2
144,373000964,Gebiet B,Zwischen 41 und 60 Jahre alt,2.0,2.0,2.0,2.0,2.0,2.0,2.0,2.0,2.0,2.0,2.0,0,2
145,1682291603,Gebiet B,Zwischen 41 und 60 Jahre alt,2.0,2.0,2.0,2.0,2.0,2.0,2.0,2.0,2.0,2.0,2.0,0,2
146,1669637801,Gebiet B,Über 75 Jahre alt,-2.0,0.0,-1.0,2.0,0.0,1.0,0.0,0.0,2.0,2.0,2.0,3,2
147,129354230,Gebiet B,Zwischen 41 und 60 Jahre alt,2.0,2.0,2.0,2.0,2.0,1.0,1.0,1.0,2.0,2.0,2.0,0,2
148,1491985362,Gebiet B,Zwischen 61 und 75 Jahre alt,2.0,-1.0,-1.0,2.0,2.0,2.0,2.0,2.0,2.0,2.0,2.0,1,2
149,1488891538,Gebiet B,Zwischen 41 und 60 Jahre alt,-2.0,2.0,-2.0,2.0,2.0,-1.0,2.0,2.0,2.0,2.0,2.0,0,2
150,1994757884,Gebiet B,Zwischen 61 und 75 Jahre alt,-2.0,-1.0,-1.0,-1.0,2.0,-1.0,-1.0,1.0,1.0,1.0,1.0,1,2
151,1782963542,Gebiet B,Zwischen 61 und 75 Jahre alt,2.0,2.0,1.0,2.0,2.0,2.0,2.0,-2.0,1.0,2.0,-1.0,1,2
152,776307220,Gebiet B,Zwischen 61 und 75 Jahre alt,-1.0,1.0,-1.0,2.0,2.0,1.0,2.0,2.0,2.0,1.0,2.0,1,2
153,1040149707,Gebiet B,Zwischen 61 und 75 Jahre alt,-2.0,-2.0,-2.0,2.0,1.0,1.0,-1.0,-1.0,2.0,2.0,2.0,1,2
154,1051793548,Gebiet B,Zwischen 26 und 40 Jahre alt,-1.0,1.0,1.0,2.0,2.0,2.0,2.0,-1.0,2.0,2.0,-1.0,2,2
155,819135382,Gebiet B,Zwischen 41 und 60 Jahre alt,-2.0,2.0,1.0,2.0,2.0,2.0,2.0,2.0,2.0,2.0,2.0,0,2
156,223134604,Gebiet B,Zwischen 41 und 60 Jahre alt,-1.0,0.0,-1.0,-2.0,1.0,1.0,2.0,2.0,2.0,1.0,2.0,0,2
157,1346310668,Gebiet B,Zwischen 61 und 75 Jahre alt,-1.0,1.0,-1.0,2.0,2.0,2.0,2.0,1.0,2.0,1.0,1.0,1,2
158,465066745,Gebiet B,Zwischen 61 und 75 Jahre alt,-2.0,-2.0,-2.0,1.0,1.0,1.0,2.0,-1.0,1.0,1.0,1.0,1,2
159,17848564,Gebiet B,Zwischen 41 und 60 Jahre alt,-2.0,-1.0,-1.0,1.0,2.0,1.0,2.0,2.0,2.0,2.0,2.0,0,2
160,318799769,Gebiet B,Zwischen 61 und 75 Jahre alt,-2.0,-1.0,-1.0,1.0,2.0,1.0,-2.0,1.0,2.0,2.0,2.0,1,2
161,1529694673,Gebiet B,Zwischen 41 und 60 Jahre alt,-1.0,1.0,-1.0,2.0,2.0,-1.0,1.0,-1.0,2.0,-1.0,1.0,0,2
162,1037025338,Gebiet B,Zwischen 61 und 75 Jahre alt,-1.0,1.0,-1.0,1.0,1.0,2.0,-2.0,-2.0,1.0,-2.0,0.0,1,2
163,2046192245,Gebiet B,Zwischen 41 und 60 Jahre alt,-1.0,2.0,1.0,2.0,2.0,2.0,2.0,1.0,2.0,2.0,2.0,0,2
164,2074765452,Gebiet B,Zwischen 41 und 60 Jahre alt,-1.0,2.0,-1.0,-2.0,2.0,1.0,2.0,2.0,2.0,2.0,2.0,0,2
165,99715476,Gebiet B,Zwischen 41 und 60 Jahre alt,-2.0,-2.0,-2.0,1.0,2.0,1.0,1.0,2.0,2.0,1.0,2.0,0,2
166,896687201,Gebiet B,Zwischen 26 und 40 Jahre alt,2.0,2.0,-1.0,-1.0,2.0,2.0,1.0,-2.0,2.0,2.0,1.0,2,2
167,704076762,Gebiet B,Zwischen 41 und 60 Jahre alt,1.0,2.0,2.0,2.0,1.0,2.0,2.0,2.0,2.0,2.0,2.0,0,2
168,570666274,Gebiet B,Zwischen 26 und 40 Jahre alt,-1.0,2.0,2.0,1.0,1.0,1.0,1.0,2.0,1.0,2.0,2.0,2,2
169,1560634070,Gebiet B,Zwischen 41 und 60 Jahre alt,2.0,2.0,2.0,2.0,2.0,2.0,2.0,2.0,2.0,2.0,2.0,0,2
170,980329489,Gebiet B,Zwischen 61 und 75 Jahre alt,2.0,1.0,1.0,1.0,0.0,2.0,1.0,-1.0,1.0,1.0,0.0,1,2
171,757258772,Gebiet B,Zwischen 41 und 60 Jahre alt,-2.0,2.0,-2.0,1.0,2.0,1.0,-1.0,1.0,2.0,2.0,1.0,0,2
172,1883642375,Gebiet B,Zwischen 61 und 75 Jahre alt,-1.0,1.0,1.0,1.0,1.0,1.0,1.0,2.0,1.0,2.0,1.0,1,2
173,521388446,Gebiet B,Zwischen 61 und 75 Jahre alt,-2.0,-2.0,-2.0,2.0,2.0,1.0,1.0,2.0,2.0,2.0,2.0,1,2
174,1048949734,Gebiet B,Zwischen 61 und 75 Jahre alt,-2.0,-1.0,-1.0,-2.0,0.0,2.0,-2.0,-2.0,-1.0,1.0,-2.0,1,2
175,674773598,Gebiet B,Zwischen 61 und 75 Jahre alt,-2.0,1.0,-1.0,1.0,1.0,1.0,1.0,2.0,2.0,2.0,2.0,1,2
176,73576630,Gebiet B,Zwischen 61 und 75 Jahre alt,-1.0,2.0,-1.0,2.0,2.0,2.0,1.0,2.0,2.0,2.0,2.0,1,2
177,666588686,Gebiet B,Zwischen 61 und 75 Jahre alt,-2.0,-2.0,-2.0,2.0,2.0,-1.0,1.0,-2.0,2.0,2.0,2.0,1,2
178,2043645939,Gebiet B,Zwischen 41 und 60 Jahre alt,-2.0,-2.0,-2.0,2.0,2.0,-2.0,2.0,-2.0,2.0,2.0,2.0,0,2
179,1159134146,Gebiet B,Zwischen 61 und 75 Jahre alt,1.0,2.0,2.0,2.0,2.0,2.0,2.0,-2.0,2.0,2.0,2.0,1,2
180,776738212,Gebiet B,Zwischen 41 und 60 Jahre alt,2.0,2.0,2.0,1.0,2.0,2.0,2.0,-2.0,2.0,2.0,2.0,0,2
181,643101746,Gebiet B,Zwischen 26 und 40 Jahre alt,-1.0,2.0,2.0,2.0,2.0,1.0,0.0,1.0,2.0,1.0,1.0,2,2
182,565737533,Gebiet B,Zwischen 41 und 60 Jahre alt,-1.0,2.0,1.0,2.0,2.0,2.0,1.0,1.0,2.0,1.0,1.0,0,2
183,1570771816,Gebiet B,Zwischen 41 und 60 Jahre alt,-2.0,2.0,2.0,2.0,2.0,2.0,0.0,1.0,2.0,2.0,2.0,0,2
184,1650130736,Gebiet B,Zwischen 41 und 60 Jahre alt,-2.0,-2.0,-2.0,2.0,2.0,2.0,-1.0,1.0,2.0,2.0,0.0,0,2
185,90735388,Gebiet B,Zwischen 61 und 75 Jahre alt,2.0,2.0,2.0,1.0,1.0,2.0,1.0,-1.0,2.0,1.0,0.0,1,2
186,905135089,Gebiet B,Zwischen 61 und 75 Jahre alt,2.0,2.0,2.0,2.0,2.0,2.0,2.0,2.0,2.0,2.0,1.0,1,2
187,512191229,Gebiet B,Zwischen 61 und 75 Jahre alt,2.0,1.0,2.0,1.0,2.0,2.0,2.0,1.0,2.0,2.0,-1.0,1,2
188,351970282,Gebiet B,Zwischen 41 und 60 Jahre alt,-2.0,2.0,2.0,2.0,2.0,2.0,1.0,2.0,2.0,2.0,2.0,0,2
189,746122199,Gebiet B,Zwischen 41 und 60 Jahre alt,-1.0,1.0,-1.0,2.0,2.0,2.0,1.0,1.0,2.0,2.0,2.0,0,2
190,376691573,Gebiet B,Zwischen 41 und 60 Jahre alt,1.0,2.0,2.0,2.0,2.0,2.0,2.0,-1.0,2.0,2.0,2.0,0,2
191,150881393,Gebiet B,Zwischen 41 und 60 Jahre alt,-2.0,-2.0,-2.0,2.0,0.0,1.0,2.0,-2.0,2.0,1.0,-2.0,0,2
192,1062904160,Gebiet B,Zwischen 41 und 60 Jahre alt,2.0,2.0,2.0,-2.0,0.0,2.0,2.0,2.0,1.0,-1.0,2.0,0,2
193,759007718,Gebiet B,Zwischen 61 und 75 Jahre alt,2.0,2.0,2.0,2.0,2.0,2.0,1.0,2.0,2.0,2.0,2.0,1,2
194,968341477,Gebiet B,Zwischen 41 und 60 Jahre alt,-1.0,2.0,1.0,1.0,2.0,2.0,0.0,1.0,2.0,2.0,2.0,0,2
195,1583460147,Gebiet B,Zwischen 41 und 60 Jahre alt,2.0,-1.0,-1.0,2.0,2.0,2.0,-1.0,-2.0,2.0,2.0,-1.0,0,2
196,417301308,Gebiet B,Zwischen 61 und 75 Jahre alt,-2.0,1.0,1.0,2.0,2.0,2.0,1.0,-1.0,1.0,-2.0,1.0,1,2
197,1954356704,Gebiet B,Zwischen 61 und 75 Jahre alt,-1.0,1.0,1.0,2.0,1.0,1.0,2.0,1.0,1.0,1.0,1.0,1,2
198,850431330,Gebiet B,Zwischen 61 und 75 Jahre alt,2.0,2.0,2.0,-1.0,2.0,1.0,1.0,2.0,1.0,1.0,1.0,1,2
199,1463856851,Gebiet B,Zwischen 61 und 75 Jahre alt,2.0,2.0,2.0,2.0,2.0,2.0,2.0,2.0,2.0,2.0,2.0,1,2
200,1042256547,Gebiet B,Zwischen 26 und 40 Jahre alt,-1.0,1.0,1.0,2.0,2.0,2.0,2.0,-2.0,2.0,2.0,-1.0,2,2
201,1795328498,Gebiet B,Zwischen 41 und 60 Jahre alt,2.0,2.0,2.0,2.0,2.0,2.0,2.0,-1.0,2.0,2.0,1.0,0,2
202,1550489837,Gebiet B,Zwischen 41 und 60 Jahre alt,1.0,2.0,-1.0,2.0,2.0,2.0,1.0,2.0,2.0,2.0,2.0,0,2
203,709855268,Gebiet B,Zwischen 41 und 60 Jahre alt,-2.0,2.0,2.0,-2.0,0.0,2.0,-2.0,-2.0,2.0,-2.0,-2.0,0,2
204,1141390310,Gebiet B,Zwischen 26 und 40 Jahre alt,-1.0,-1.0,1.0,2.0,2.0,2.0,2.0,1.0,2.0,2.0,2.0,2,2
205,1979450949,Gebiet B,Zwischen 26 und 40 Jahre alt,2.0,2.0,2.0,1.0,1.0,-1.0,1.0,-2.0,2.0,2.0,2.0,2,2
206,172814223,Gebiet B,Zwischen 26 und 40 Jahre alt,2.0,2.0,2.0,2.0,2.0,2.0,1.0,-2.0,2.0,2.0,1.0,2,2
207,75104257,Gebiet B,Zwischen 26 und 40 Jahre alt,1.0,2.0,1.0,1.0,1.0,2.0,0.0,-1.0,1.0,2.0,0.0,2,2
208,1789693324,Gebiet B,Zwischen 61 und 75 Jahre alt,2.0,1.0,2.0,-1.0,0.0,0.0,0.0,0.0,0.0,0.0,0.0,1,2
209,1413393063,Gebiet B,Zwischen 41 und 60 Jahre alt,2.0,1.0,2.0,1.0,-1.0,2.0,2.0,2.0,2.0,2.0,2.0,0,2
210,2089477549,Gebiet B,Zwischen 26 und 40 Jahre alt,2.0,2.0,2.0,2.0,2.0,2.0,1.0,2.0,2.0,2.0,2.0,2,2
211,237481636,Gebiet B,Zwischen 41 und 60 Jahre alt,0.0,0.0,0.0,0.0,0.0,0.0,0.0,0.0,0.0,0.0,0.0,0,2
212,1347592680,Gebiet B,Zwischen 26 und 40 Jahre alt,1.0,-1.0,1.0,2.0,2.0,1.0,2.0,1.0,2.0,1.0,1.0,2,2
213,1009146547,Gebiet B,Zwischen 41 und 60 Jahre alt,-2.0,2.0,1.0,1.0,2.0,1.0,1.0,2.0,1.0,2.0,0.0,0,2
214,481124590,Gebiet B,Zwischen 41 und 60 Jahre alt,-2.0,2.0,-2.0,1.0,2.0,2.0,1.0,-2.0,2.0,-1.0,-1.0,0,2
215,350557507,Gebiet B,Zwischen 41 und 60 Jahre alt,-2.0,1.0,1.0,2.0,1.0,2.0,2.0,2.0,2.0,1.0,1.0,0,2
216,1836418254,Gebiet B,Zwischen 41 und 60 Jahre alt,-2.0,1.0,-1.0,1.0,2.0,1.0,1.0,1.0,2.0,2.0,2.0,0,2
217,494846470,Gebiet B,Zwischen 41 und 60 Jahre alt,-2.0,-2.0,-2.0,1.0,2.0,2.0,1.0,-2.0,2.0,-2.0,2.0,0,2
218,1818673821,Gebiet B,Zwischen 61 und 75 Jahre alt,2.0,2.0,2.0,2.0,2.0,2.0,2.0,2.0,2.0,2.0,2.0,1,2
219,958437668,Gebiet B,Zwischen 26 und 40 Jahre alt,-2.0,-2.0,-2.0,2.0,2.0,2.0,2.0,2.0,2.0,2.0,1.0,2,2
220,91151736,Gebiet B,Zwischen 61 und 75 Jahre alt,1.0,-1.0,-1.0,2.0,2.0,1.0,2.0,2.0,2.0,2.0,-1.0,1,2
221,237572389,Gebiet B,Zwischen 41 und 60 Jahre alt,2.0,1.0,2.0,-2.0,2.0,2.0,-2.0,-2.0,2.0,2.0,2.0,0,2
222,1579866814,Gebiet B,Zwischen 26 und 40 Jahre alt,-2.0,-1.0,-1.0,2.0,2.0,1.0,1.0,-1.0,2.0,2.0,2.0,2,2
223,1541858815,Gebiet B,Zwischen 41 und 60 Jahre alt,-1.0,1.0,1.0,2.0,2.0,2.0,2.0,2.0,2.0,2.0,2.0,0,2
224,934832385,Gebiet B,Zwischen 41 und 60 Jahre alt,-2.0,-2.0,-2.0,2.0,0.0,2.0,2.0,2.0,2.0,2.0,2.0,0,2
225,125394,Gebiet B,Zwischen 26 und 40 Jahre alt,-2.0,-2.0,2.0,2.0,2.0,2.0,2.0,2.0,2.0,2.0,-2.0,2,2
226,377996882,Gebiet B,Zwischen 41 und 60 Jahre alt,-2.0,2.0,-1.0,2.0,-1.0,1.0,1.0,-1.0,2.0,2.0,1.0,0,2
227,1493484883,Gebiet B,Zwischen 41 und 60 Jahre alt,2.0,0.0,2.0,2.0,2.0,2.0,2.0,0.0,2.0,2.0,2.0,0,2
228,844750595,Gebiet B,Zwischen 41 und 60 Jahre alt,-2.0,-2.0,-2.0,2.0,1.0,1.0,2.0,2.0,2.0,2.0,0.0,0,2
229,756410560,Gebiet B,Zwischen 41 und 60 Jahre alt,2.0,2.0,2.0,1.0,-1.0,2.0,2.0,2.0,2.0,2.0,1.0,0,2
230,507820673,Gebiet B,Zwischen 26 und 40 Jahre alt,-2.0,-2.0,-2.0,2.0,2.0,2.0,2.0,-1.0,2.0,2.0,1.0,2,2
231,1561496398,Gebiet B,Zwischen 26 und 40 Jahre alt,1.0,1.0,1.0,2.0,2.0,1.0,2.0,2.0,2.0,2.0,2.0,2,2
232,1889928668,Gebiet B,Zwischen 41 und 60 Jahre alt,-2.0,1.0,0.0,0.0,0.0,0.0,2.0,2.0,2.0,0.0,0.0,0,2
233,601094497,Gebiet B,Zwischen 41 und 60 Jahre alt,-1.0,1.0,1.0,2.0,2.0,2.0,1.0,-1.0,1.0,2.0,2.0,0,2
234,2096369571,Gebiet C,Zwischen 61 und 75 Jahre alt,1.0,0.0,2.0,0.0,0.0,0.0,0.0,0.0,0.0,0.0,0.0,1,3
235,1573817086,Gebiet C,Über 75 Jahre alt,1.0,2.0,2.0,1.0,2.0,2.0,2.0,-1.0,2.0,2.0,0.0,3,3
236,549904493,Gebiet C,Zwischen 26 und 40 Jahre alt,2.0,1.0,2.0,1.0,1.0,1.0,1.0,-2.0,2.0,1.0,-1.0,2,3
237,1537131399,Gebiet C,Zwischen 26 und 40 Jahre alt,-1.0,2.0,2.0,2.0,2.0,1.0,2.0,2.0,2.0,1.0,-1.0,2,3
238,1084547649,Gebiet C,Zwischen 41 und 60 Jahre alt,-1.0,-1.0,1.0,2.0,2.0,2.0,2.0,2.0,2.0,2.0,2.0,0,3
239,1532136162,Gebiet C,Zwischen 41 und 60 Jahre alt,-2.0,-2.0,-2.0,2.0,2.0,1.0,1.0,2.0,2.0,-2.0,2.0,0,3
240,56359514,Gebiet C,Über 75 Jahre alt,1.0,2.0,1.0,1.0,2.0,2.0,2.0,2.0,2.0,2.0,2.0,3,3
241,1201049742,Gebiet C,Zwischen 41 und 60 Jahre alt,1.0,2.0,2.0,1.0,1.0,2.0,1.0,2.0,2.0,1.0,1.0,0,3
242,1291641576,Gebiet C,Zwischen 26 und 40 Jahre alt,-2.0,-2.0,-2.0,2.0,2.0,2.0,2.0,2.0,1.0,2.0,2.0,2,3
243,1496498902,Gebiet C,Zwischen 26 und 40 Jahre alt,-2.0,1.0,-1.0,2.0,2.0,-1.0,2.0,-1.0,2.0,1.0,1.0,2,3
244,1667606748,Gebiet C,Zwischen 26 und 40 Jahre alt,-1.0,0.0,0.0,0.0,0.0,0.0,0.0,0.0,0.0,0.0,0.0,2,3
245,1097311208,Gebiet C,Zwischen 61 und 75 Jahre alt,2.0,2.0,1.0,2.0,1.0,1.0,2.0,2.0,1.0,1.0,2.0,1,3
246,93717132,Gebiet C,Zwischen 41 und 60 Jahre alt,-2.0,1.0,1.0,2.0,2.0,2.0,2.0,1.0,2.0,-1.0,2.0,0,3
247,1969888224,Gebiet C,Zwischen 61 und 75 Jahre alt,-1.0,1.0,2.0,1.0,1.0,2.0,0.0,1.0,2.0,2.0,2.0,1,3
248,260208956,Gebiet C,Zwischen 61 und 75 Jahre alt,2.0,2.0,2.0,2.0,2.0,2.0,2.0,2.0,2.0,2.0,2.0,1,3
249,763868010,Gebiet C,Zwischen 26 und 40 Jahre alt,-1.0,0.0,-1.0,2.0,2.0,1.0,1.0,1.0,2.0,2.0,1.0,2,3
250,1467737922,Gebiet C,Zwischen 26 und 40 Jahre alt,1.0,2.0,2.0,2.0,1.0,2.0,2.0,2.0,2.0,1.0,2.0,2,3
251,479583878,Gebiet C,Zwischen 61 und 75 Jahre alt,2.0,1.0,2.0,1.0,2.0,2.0,2.0,2.0,2.0,2.0,-1.0,1,3
252,255244153,Gebiet C,Zwischen 41 und 60 Jahre alt,1.0,1.0,1.0,2.0,2.0,2.0,1.0,2.0,2.0,1.0,0.0,0,3
253,1250806293,Gebiet C,Zwischen 41 und 60 Jahre alt,-1.0,2.0,2.0,2.0,2.0,2.0,2.0,2.0,2.0,1.0,2.0,0,3
254,1427441015,Gebiet C,Zwischen 41 und 60 Jahre alt,1.0,1.0,-1.0,2.0,2.0,2.0,2.0,2.0,1.0,2.0,2.0,0,3
255,1384956158,Gebiet C,Zwischen 41 und 60 Jahre alt,-1.0,-1.0,-1.0,2.0,2.0,0.0,0.0,1.0,0.0,0.0,2.0,0,3
256,2059428359,Gebiet C,Zwischen 61 und 75 Jahre alt,-1.0,2.0,2.0,1.0,2.0,2.0,2.0,1.0,2.0,2.0,1.0,1,3
257,1898062679,Gebiet C,Zwischen 41 und 60 Jahre alt,1.0,1.0,2.0,2.0,2.0,2.0,2.0,2.0,2.0,-1.0,2.0,0,3
258,521095148,Gebiet C,Zwischen 41 und 60 Jahre alt,1.0,2.0,2.0,2.0,1.0,2.0,2.0,2.0,2.0,1.0,1.0,0,3
259,827202218,Gebiet C,Zwischen 41 und 60 Jahre alt,2.0,2.0,2.0,2.0,1.0,2.0,-1.0,2.0,1.0,1.0,1.0,0,3
260,605019862,Gebiet C,Zwischen 61 und 75 Jahre alt,-2.0,-2.0,-1.0,2.0,1.0,1.0,1.0,1.0,1.0,2.0,1.0,1,3
261,719817013,Gebiet C,Zwischen 41 und 60 Jahre alt,1.0,2.0,2.0,2.0,2.0,2.0,2.0,-1.0,2.0,2.0,0.0,0,3
262,940809346,Gebiet C,Zwischen 41 und 60 Jahre alt,-1.0,1.0,-1.0,2.0,2.0,2.0,1.0,2.0,2.0,-1.0,2.0,0,3
263,788123655,Gebiet C,Zwischen 26 und 40 Jahre alt,2.0,1.0,2.0,-2.0,2.0,0.0,2.0,2.0,2.0,-1.0,-1.0,2,3
264,1417337261,Gebiet C,Zwischen 26 und 40 Jahre alt,-1.0,1.0,-1.0,2.0,2.0,1.0,1.0,1.0,2.0,1.0,1.0,2,3
265,211443265,Gebiet C,Zwischen 16 und 25 Jahre alt,-1.0,2.0,-1.0,2.0,2.0,-1.0,2.0,2.0,2.0,2.0,2.0,4,3
266,1783673144,Gebiet C,Zwischen 41 und 60 Jahre alt,-1.0,1.0,-1.0,0.0,0.0,2.0,1.0,-1.0,2.0,1.0,1.0,0,3
267,928203391,Gebiet C,Zwischen 41 und 60 Jahre alt,-1.0,2.0,1.0,2.0,2.0,1.0,2.0,2.0,2.0,2.0,2.0,0,3
268,867221721,Gebiet C,Über 75 Jahre alt,0.0,0.0,0.0,0.0,0.0,0.0,0.0,0.0,0.0,0.0,0.0,3,3
269,1746241804,Gebiet C,Zwischen 41 und 60 Jahre alt,-2.0,-2.0,1.0,2.0,1.0,2.0,2.0,-1.0,2.0,2.0,1.0,0,3
270,749627166,Gebiet C,Zwischen 61 und 75 Jahre alt,-1.0,1.0,1.0,2.0,2.0,1.0,2.0,1.0,2.0,1.0,1.0,1,3
271,1675631577,Gebiet C,Zwischen 61 und 75 Jahre alt,-1.0,1.0,2.0,2.0,2.0,2.0,1.0,2.0,2.0,1.0,2.0,1,3
272,885125163,Gebiet C,Zwischen 61 und 75 Jahre alt,2.0,2.0,2.0,2.0,2.0,2.0,2.0,2.0,2.0,2.0,2.0,1,3
273,2089475596,Gebiet C,Zwischen 41 und 60 Jahre alt,2.0,-1.0,2.0,-1.0,2.0,0.0,-1.0,0.0,2.0,1.0,0.0,0,3
274,1165987366,Gebiet C,Zwischen 61 und 75 Jahre alt,-1.0,2.0,2.0,2.0,2.0,1.0,2.0,2.0,2.0,1.0,2.0,1,3
275,621390593,Gebiet C,Zwischen 61 und 75 Jahre alt,-1.0,2.0,1.0,1.0,2.0,2.0,1.0,2.0,2.0,2.0,1.0,1,3
276,818954943,Gebiet C,Zwischen 41 und 60 Jahre alt,2.0,2.0,2.0,2.0,2.0,2.0,2.0,2.0,2.0,2.0,1.0,0,3
277,1559760215,Gebiet C,Zwischen 26 und 40 Jahre alt,-2.0,-2.0,2.0,2.0,2.0,2.0,2.0,1.0,2.0,2.0,2.0,2,3
278,994209005,Gebiet C,Zwischen 41 und 60 Jahre alt,-2.0,-2.0,-2.0,1.0,1.0,2.0,-1.0,1.0,2.0,1.0,1.0,0,3
279,1911478937,Gebiet C,Zwischen 41 und 60 Jahre alt,-2.0,1.0,1.0,2.0,2.0,2.0,1.0,2.0,2.0,1.0,2.0,0,3
280,2131374467,Gebiet C,Zwischen 41 und 60 Jahre alt,2.0,2.0,1.0,2.0,2.0,2.0,2.0,2.0,2.0,1.0,1.0,0,3
281,260302117,Gebiet C,Zwischen 41 und 60 Jahre alt,-2.0,1.0,0.0,2.0,2.0,2.0,2.0,2.0,2.0,2.0,0.0,0,3
282,661392644,Gebiet C,Zwischen 41 und 60 Jahre alt,-2.0,0.0,1.0,2.0,0.0,0.0,-1.0,2.0,2.0,0.0,2.0,0,3
283,1111972007,Gebiet C,Zwischen 41 und 60 Jahre alt,1.0,2.0,1.0,2.0,1.0,2.0,2.0,2.0,2.0,2.0,2.0,0,3
284,757767751,Gebiet C,Über 75 Jahre alt,2.0,1.0,2.0,2.0,1.0,1.0,1.0,2.0,2.0,1.0,2.0,3,3
285,1917880730,Gebiet C,Zwischen 41 und 60 Jahre alt,-1.0,2.0,2.0,2.0,2.0,2.0,2.0,2.0,2.0,2.0,2.0,0,3
286,363760742,Gebiet C,Zwischen 41 und 60 Jahre alt,2.0,2.0,2.0,2.0,-1.0,2.0,1.0,1.0,2.0,1.0,1.0,0,3
287,1017747980,Gebiet C,Zwischen 41 und 60 Jahre alt,-1.0,1.0,-1.0,1.0,2.0,-1.0,-2.0,-2.0,2.0,-1.0,1.0,0,3
288,1478564720,Gebiet C,Zwischen 41 und 60 Jahre alt,2.0,-1.0,2.0,-2.0,0.0,1.0,-1.0,1.0,-1.0,1.0,1.0,0,3
289,1227638577,Gebiet C,Zwischen 61 und 75 Jahre alt,-1.0,2.0,2.0,2.0,2.0,2.0,1.0,2.0,2.0,-2.0,1.0,1,3
290,1046900667,Gebiet C,Zwischen 41 und 60 Jahre alt,-2.0,2.0,1.0,1.0,2.0,2.0,2.0,2.0,2.0,-1.0,1.0,0,3
291,1874549912,Gebiet C,Zwischen 41 und 60 Jahre alt,-1.0,2.0,2.0,2.0,2.0,2.0,2.0,2.0,2.0,2.0,0.0,0,3
292,1319875612,Gebiet C,Zwischen 41 und 60 Jahre alt,-2.0,-1.0,-1.0,2.0,2.0,1.0,1.0,1.0,2.0,-2.0,2.0,0,3
293,232729068,Gebiet C,Zwischen 16 und 25 Jahre alt,2.0,2.0,1.0,2.0,-1.0,2.0,1.0,-2.0,2.0,2.0,1.0,4,3
294,418040828,Gebiet C,Zwischen 26 und 40 Jahre alt,2.0,2.0,2.0,-1.0,2.0,2.0,-2.0,-2.0,1.0,2.0,-2.0,2,3
295,1980949581,Gebiet C,Zwischen 26 und 40 Jahre alt,-1.0,-1.0,1.0,1.0,1.0,1.0,1.0,2.0,2.0,1.0,2.0,2,3
296,381038409,Gebiet C,Zwischen 26 und 40 Jahre alt,-1.0,2.0,2.0,2.0,-1.0,2.0,2.0,2.0,2.0,1.0,2.0,2,3
297,493367659,Gebiet C,Zwischen 61 und 75 Jahre alt,-2.0,-2.0,-2.0,-2.0,-2.0,-1.0,1.0,-2.0,1.0,1.0,1.0,1,3
298,2084705,Gebiet C,Zwischen 41 und 60 Jahre alt,-2.0,-2.0,-1.0,1.0,1.0,1.0,1.0,1.0,2.0,2.0,2.0,0,3
299,489876443,Gebiet C,Zwischen 61 und 75 Jahre alt,-1.0,1.0,1.0,1.0,2.0,2.0,1.0,2.0,2.0,2.0,1.0,1,3
300,580808950,Gebiet C,Zwischen 26 und 40 Jahre alt,0.0,2.0,-1.0,1.0,2.0,1.0,1.0,2.0,2.0,1.0,2.0,2,3
301,42254905,Gebiet C,Zwischen 26 und 40 Jahre alt,-1.0,-1.0,-1.0,2.0,2.0,2.0,-1.0,2.0,2.0,2.0,2.0,2,3
302,502230419,Gebiet C,Zwischen 41 und 60 Jahre alt,2.0,2.0,2.0,-1.0,2.0,2.0,2.0,2.0,2.0,-1.0,-1.0,0,3
303,1477768747,Gebiet C,Zwischen 61 und 75 Jahre alt,-2.0,1.0,1.0,2.0,1.0,2.0,2.0,2.0,2.0,2.0,1.0,1,3
304,1070239777,Gebiet C,Zwischen 61 und 75 Jahre alt,2.0,1.0,1.0,1.0,1.0,1.0,1.0,1.0,1.0,1.0,1.0,1,3
305,226893361,Gebiet C,Zwischen 41 und 60 Jahre alt,-1.0,0.0,2.0,1.0,2.0,2.0,2.0,1.0,2.0,0.0,2.0,0,3
306,757822710,Gebiet C,Zwischen 41 und 60 Jahre alt,-1.0,1.0,1.0,1.0,2.0,-1.0,-1.0,1.0,2.0,2.0,2.0,0,3
307,1246516591,Sonstiges,Zwischen 41 und 60 Jahre alt,0.0,0.0,0.0,0.0,0.0,0.0,0.0,0.0,0.0,0.0,0.0,0,4
308,1981963494,Sonstiges,Zwischen 61 und 75 Jahre alt,-2.0,1.0,-2.0,2.0,2.0,0.0,2.0,2.0,2.0,2.0,2.0,1,4
309,1027481903,Sonstiges,Zwischen 41 und 60 Jahre alt,-2.0,2.0,2.0,1.0,1.0,2.0,2.0,2.0,2.0,1.0,2.0,0,4
310,326718290,Sonstiges,Zwischen 61 und 75 Jahre alt,-1.0,2.0,2.0,2.0,2.0,2.0,1.0,0.0,2.0,2.0,2.0,1,4
311,1027431261,Sonstiges,Zwischen 26 und 40 Jahre alt,0.0,0.0,0.0,0.0,0.0,0.0,0.0,0.0,0.0,0.0,0.0,2,4
312,1498346645,Sonstiges,Zwischen 61 und 75 Jahre alt,1.0,1.0,2.0,2.0,2.0,2.0,1.0,2.0,2.0,2.0,1.0,1,4
313,1208613478,Sonstiges,Über 75 Jahre alt,1.0,2.0,2.0,2.0,2.0,2.0,2.0,2.0,2.0,2.0,2.0,3,4
314,32438676,Sonstiges,Zwischen 26 und 40 Jahre alt,2.0,2.0,2.0,2.0,2.0,2.0,2.0,2.0,2.0,2.0,2.0,2,4
315,1906005939,Sonstiges,Zwischen 61 und 75 Jahre alt,-2.0,1.0,-1.0,2.0,1.0,-1.0,2.0,1.0,2.0,-1.0,1.0,1,4
316,883501393,Sonstiges,Zwischen 41 und 60 Jahre alt,-1.0,-2.0,-1.0,1.0,2.0,1.0,2.0,1.0,2.0,1.0,2.0,0,4
317,187857839,Sonstiges,Zwischen 41 und 60 Jahre alt,2.0,2.0,2.0,2.0,1.0,2.0,2.0,2.0,2.0,2.0,2.0,0,4
318,1941089299,Gebiet D,Zwischen 41 und 60 Jahre alt,2.0,1.0,2.0,2.0,2.0,2.0,2.0,0.0,2.0,2.0,1.0,0,5
319,1106907569,Gebiet D,Zwischen 26 und 40 Jahre alt,2.0,2.0,2.0,-1.0,-1.0,-1.0,-1.0,2.0,1.0,2.0,2.0,2,5
320,1275832357,Gebiet D,Zwischen 41 und 60 Jahre alt,-2.0,2.0,1.0,1.0,2.0,1.0,2.0,-2.0,1.0,2.0,2.0,0,5
321,651404494,Gebiet D,Zwischen 61 und 75 Jahre alt,1.0,-1.0,1.0,1.0,1.0,1.0,0.0,1.0,2.0,1.0,0.0,1,5
322,1426976855,Gebiet D,Über 75 Jahre alt,2.0,2.0,2.0,2.0,2.0,2.0,2.0,2.0,2.0,2.0,2.0,3,5
323,16314557,Gebiet D,Zwischen 16 und 25 Jahre alt,1.0,2.0,2.0,2.0,1.0,1.0,-1.0,2.0,2.0,1.0,2.0,4,5
324,1208923321,Gebiet D,Zwischen 61 und 75 Jahre alt,2.0,2.0,2.0,2.0,2.0,2.0,2.0,2.0,2.0,2.0,2.0,1,5
325,186576896,Gebiet D,Zwischen 16 und 25 Jahre alt,1.0,1.0,-1.0,2.0,1.0,1.0,2.0,-1.0,1.0,2.0,2.0,4,5
326,164504931,Gebiet D,Zwischen 61 und 75 Jahre alt,1.0,2.0,2.0,1.0,2.0,2.0,2.0,2.0,2.0,2.0,1.0,1,5
327,842846102,Gebiet D,Zwischen 41 und 60 Jahre alt,1.0,2.0,1.0,2.0,1.0,2.0,2.0,2.0,2.0,2.0,2.0,0,5
328,398080650,Gebiet D,Zwischen 41 und 60 Jahre alt,-1.0,1.0,2.0,2.0,2.0,2.0,2.0,2.0,2.0,1.0,2.0,0,5
329,1377663536,Gebiet D,Zwischen 41 und 60 Jahre alt,0.0,0.0,0.0,0.0,0.0,0.0,0.0,0.0,0.0,0.0,0.0,0,5
330,1530963979,Gebiet D,Zwischen 26 und 40 Jahre alt,2.0,-1.0,1.0,1.0,1.0,1.0,-1.0,2.0,-1.0,-2.0,0.0,2,5
331,1096581456,Gebiet D,Zwischen 41 und 60 Jahre alt,2.0,2.0,-1.0,2.0,2.0,1.0,-1.0,-1.0,2.0,2.0,1.0,0,5
332,213156702,Gebiet D,Zwischen 61 und 75 Jahre alt,-1.0,-1.0,-1.0,2.0,2.0,1.0,1.0,2.0,2.0,1.0,2.0,1,5
333,283090242,Gebiet D,Zwischen 61 und 75 Jahre alt,-2.0,-2.0,-2.0,2.0,2.0,1.0,2.0,0.0,0.0,0.0,0.0,1,5
334,554160714,Gebiet D,Zwischen 41 und 60 Jahre alt,2.0,2.0,2.0,2.0,1.0,1.0,2.0,2.0,2.0,2.0,1.0,0,5
335,1087223831,Gebiet D,Über 75 Jahre alt,2.0,-2.0,-1.0,2.0,2.0,2.0,2.0,-2.0,2.0,2.0,-1.0,3,5
336,1812029662,Gebiet D,Zwischen 41 und 60 Jahre alt,1.0,2.0,1.0,2.0,2.0,2.0,2.0,2.0,2.0,2.0,2.0,0,5
337,361480051,Gebiet D,Zwischen 61 und 75 Jahre alt,2.0,2.0,2.0,2.0,0.0,2.0,-2.0,1.0,-1.0,0.0,0.0,1,5
338,1637568791,Gebiet D,Zwischen 26 und 40 Jahre alt,2.0,2.0,2.0,2.0,2.0,2.0,-2.0,-2.0,2.0,2.0,2.0,2,5
339,1949189044,Gebiet D,Zwischen 61 und 75 Jahre alt,2.0,2.0,1.0,2.0,2.0,2.0,2.0,2.0,2.0,1.0,2.0,1,5
340,793573010,Gebiet D,Zwischen 61 und 75 Jahre alt,2.0,2.0,2.0,2.0,2.0,2.0,2.0,2.0,2.0,2.0,1.0,1,5
341,1644093079,Gebiet D,Zwischen 41 und 60 Jahre alt,-1.0,1.0,0.0,2.0,2.0,2.0,2.0,2.0,2.0,2.0,2.0,0,5
342,180005290,Gebiet D,Zwischen 61 und 75 Jahre alt,-2.0,2.0,2.0,2.0,2.0,2.0,2.0,2.0,2.0,1.0,2.0,1,5
343,1091199495,Gebiet D,Zwischen 41 und 60 Jahre alt,-1.0,-1.0,-1.0,1.0,2.0,1.0,1.0,2.0,2.0,2.0,2.0,0,5
344,1686745698,Gebiet D,Zwischen 41 und 60 Jahre alt,2.0,2.0,2.0,2.0,2.0,2.0,1.0,-2.0,2.0,2.0,-1.0,0,5
345,465722307,Gebiet D,Zwischen 61 und 75 Jahre alt,-2.0,1.0,1.0,0.0,1.0,1.0,1.0,-1.0,1.0,1.0,1.0,1,5
346,1752912022,Gebiet D,Zwischen 26 und 40 Jahre alt,-2.0,2.0,-2.0,2.0,2.0,2.0,2.0,2.0,2.0,2.0,2.0,2,5
347,158396721,Gebiet D,Über 75 Jahre alt,-2.0,-2.0,-1.0,2.0,1.0,1.0,-2.0,2.0,2.0,1.0,1.0,3,5
348,1003159960,Gebiet D,Zwischen 61 und 75 Jahre alt,1.0,2.0,2.0,2.0,2.0,2.0,2.0,2.0,2.0,2.0,2.0,1,5
349,1116962699,Gebiet D,Zwischen 41 und 60 Jahre alt,-2.0,-2.0,-2.0,-1.0,-1.0,2.0,1.0,2.0,2.0,2.0,2.0,0,5
350,1355134476,Gebiet D,Zwischen 61 und 75 Jahre alt,-1.0,2.0,0.0,0.0,0.0,0.0,0.0,0.0,0.0,0.0,0.0,1,5
351,1578985238,Gebiet D,Zwischen 41 und 60 Jahre alt,1.0,1.0,-1.0,2.0,2.0,1.0,1.0,-2.0,2.0,1.0,-2.0,0,5
352,452062771,Gebiet D,Zwischen 41 und 60 Jahre alt,1.0,2.0,2.0,2.0,2.0,1.0,2.0,1.0,2.0,2.0,2.0,0,5
353,869275284,Gebiet D,Zwischen 26 und 40 Jahre alt,1.0,1.0,1.0,2.0,1.0,2.0,2.0,2.0,2.0,1.0,2.0,2,5
354,1870673006,Gebiet D,Zwischen 41 und 60 Jahre alt,-1.0,-1.0,1.0,2.0,1.0,1.0,0.0,0.0,0.0,0.0,0.0,0,5
355,1611678030,Gebiet D,Zwischen 16 und 25 Jahre alt,-1.0,2.0,2.0,1.0,1.0,2.0,1.0,1.0,-1.0,1.0,1.0,4,5
356,1449359631,Gebiet D,Zwischen 61 und 75 Jahre alt,-2.0,2.0,-2.0,-2.0,2.0,2.0,2.0,2.0,2.0,-2.0,2.0,1,5
357,520867905,Gebiet D,Zwischen 26 und 40 Jahre alt,2.0,2.0,2.0,-1.0,2.0,-2.0,1.0,2.0,2.0,2.0,-1.0,2,5
358,1869175265,Gebiet D,Zwischen 26 und 40 Jahre alt,-2.0,2.0,1.0,-1.0,1.0,2.0,-1.0,1.0,2.0,-1.0,1.0,2,5
359,925691330,Gebiet D,Zwischen 41 und 60 Jahre alt,2.0,2.0,2.0,1.0,2.0,1.0,2.0,2.0,2.0,2.0,2.0,0,5
360,1639730028,Gebiet D,Zwischen 61 und 75 Jahre alt,2.0,2.0,2.0,2.0,1.0,2.0,2.0,-2.0,1.0,1.0,2.0,1,5
361,428115553,Gebiet D,Zwischen 41 und 60 Jahre alt,1.0,2.0,1.0,2.0,2.0,2.0,1.0,2.0,2.0,-2.0,-1.0,0,5
362,801140051,Gebiet D,Zwischen 61 und 75 Jahre alt,-1.0,-1.0,-1.0,2.0,2.0,1.0,2.0,-1.0,2.0,2.0,2.0,1,5
363,527346882,Gebiet D,Zwischen 26 und 40 Jahre alt,-2.0,1.0,-2.0,2.0,2.0,2.0,1.0,2.0,2.0,2.0,1.0,2,5
364,750139983,Gebiet D,Zwischen 61 und 75 Jahre alt,-1.0,2.0,0.0,2.0,2.0,2.0,0.0,0.0,2.0,0.0,0.0,1,5
365,797188532,Gebiet D,Zwischen 61 und 75 Jahre alt,2.0,-1.0,1.0,2.0,2.0,2.0,2.0,1.0,2.0,2.0,2.0,1,5
366,2056995994,Gebiet D,Zwischen 41 und 60 Jahre alt,2.0,2.0,2.0,1.0,1.0,2.0,2.0,2.0,2.0,2.0,-1.0,0,5
367,607887753,Gebiet D,Über 75 Jahre alt,-1.0,1.0,2.0,2.0,2.0,1.0,2.0,2.0,2.0,2.0,2.0,3,5
368,921320644,Gebiet D,Zwischen 41 und 60 Jahre alt,1.0,1.0,1.0,2.0,2.0,2.0,1.0,2.0,2.0,2.0,2.0,0,5
369,1944505371,Gebiet D,Zwischen 26 und 40 Jahre alt,1.0,1.0,2.0,2.0,2.0,2.0,2.0,2.0,2.0,2.0,2.0,2,5
370,226931725,Gebiet D,Über 75 Jahre alt,1.0,2.0,1.0,1.0,2.0,2.0,2.0,2.0,2.0,2.0,2.0,3,5
371,1584467874,Gebiet D,Zwischen 41 und 60 Jahre alt,2.0,2.0,2.0,-2.0,1.0,2.0,2.0,2.0,2.0,2.0,2.0,0,5
372,64077523,Gebiet D,Zwischen 41 und 60 Jahre alt,2.0,2.0,1.0,2.0,1.0,2.0,2.0,1.0,1.0,1.0,-1.0,0,5
373,1687214970,Gebiet D,Zwischen 41 und 60 Jahre alt,1.0,2.0,2.0,2.0,2.0,2.0,-2.0,2.0,2.0,2.0,2.0,0,5
374,308944619,Gebiet D,Zwischen 61 und 75 Jahre alt,-1.0,1.0,-1.0,1.0,1.0,2.0,1.0,-1.0,2.0,1.0,1.0,1,5
375,1097093710,Gebiet D,Über 75 Jahre alt,-2.0,-2.0,-2.0,2.0,2.0,2.0,2.0,2.0,2.0,2.0,2.0,3,5
376,762407682,Gebiet D,Zwischen 61 und 75 Jahre alt,-1.0,1.0,2.0,1.0,2.0,1.0,2.0,-1.0,1.0,1.0,-1.0,1,5
377,1825887110,Gebiet D,Zwischen 26 und 40 Jahre alt,1.0,2.0,2.0,1.0,0.0,2.0,2.0,2.0,2.0,2.0,1.0,2,5
378,104195290,Gebiet D,Zwischen 16 und 25 Jahre alt,1.0,1.0,1.0,2.0,2.0,1.0,0.0,2.0,2.0,2.0,2.0,4,5
379,1055668102,Gebiet D,Zwischen 41 und 60 Jahre alt,2.0,2.0,2.0,2.0,2.0,2.0,1.0,1.0,2.0,2.0,2.0,0,5
380,896943258,Gebiet D,Zwischen 41 und 60 Jahre alt,0.0,1.0,1.0,1.0,1.0,1.0,0.0,0.0,2.0,2.0,2.0,0,5
381,1223294631,Gebiet D,Zwischen 41 und 60 Jahre alt,-2.0,2.0,2.0,-1.0,0.0,2.0,0.0,2.0,2.0,2.0,2.0,0,5
382,1003917262,Gebiet D,Zwischen 26 und 40 Jahre alt,1.0,-1.0,1.0,2.0,2.0,2.0,1.0,1.0,2.0,1.0,2.0,2,5
383,1117408047,Gebiet D,Zwischen 41 und 60 Jahre alt,2.0,2.0,2.0,2.0,2.0,2.0,2.0,2.0,2.0,2.0,2.0,0,5
384,924268297,Gebiet D,Zwischen 41 und 60 Jahre alt,-1.0,2.0,1.0,2.0,2.0,2.0,2.0,2.0,2.0,2.0,2.0,0,5
385,786858132,Gebiet D,Zwischen 61 und 75 Jahre alt,-1.0,2.0,2.0,2.0,2.0,2.0,2.0,2.0,2.0,2.0,2.0,1,5
386,989704491,Gebiet D,Zwischen 26 und 40 Jahre alt,-2.0,2.0,0.0,1.0,0.0,1.0,2.0,2.0,2.0,-1.0,2.0,2,5
387,1705939242,Gebiet D,Zwischen 16 und 25 Jahre alt,1.0,-1.0,-1.0,2.0,2.0,2.0,2.0,2.0,2.0,2.0,1.0,4,5
388,1230733062,Gebiet D,Zwischen 61 und 75 Jahre alt,1.0,1.0,1.0,1.0,2.0,1.0,1.0,2.0,2.0,2.0,2.0,1,5
389,1721401558,Gebiet D,Über 75 Jahre alt,2.0,1.0,-1.0,1.0,2.0,2.0,2.0,1.0,1.0,1.0,1.0,3,5
390,1782704065,Gebiet D,Zwischen 61 und 75 Jahre alt,-2.0,1.0,1.0,2.0,1.0,2.0,2.0,1.0,2.0,2.0,-1.0,1,5
391,1699712735,Gebiet D,Zwischen 41 und 60 Jahre alt,-1.0,2.0,2.0,2.0,2.0,2.0,2.0,-2.0,1.0,-1.0,1.0,0,5
392,1891867420,Gebiet D,Zwischen 26 und 40 Jahre alt,-1.0,1.0,0.0,2.0,1.0,1.0,2.0,-1.0,2.0,1.0,1.0,2,5
393,743459910,Gebiet D,Zwischen 26 und 40 Jahre alt,-1.0,0.0,1.0,1.0,1.0,1.0,2.0,2.0,2.0,1.0,2.0,2,5
394,1880831007,Gebiet D,Zwischen 41 und 60 Jahre alt,2.0,1.0,1.0,1.0,2.0,1.0,2.0,2.0,2.0,-1.0,1.0,0,5
395,1420441570,Gebiet D,Zwischen 61 und 75 Jahre alt,1.0,-1.0,-1.0,2.0,2.0,1.0,2.0,2.0,2.0,2.0,2.0,1,5
396,1286807870,Gebiet D,Zwischen 26 und 40 Jahre alt,1.0,-2.0,-1.0,2.0,1.0,1.0,1.0,2.0,2.0,2.0,-1.0,2,5
397,360866532,Gebiet D,Zwischen 41 und 60 Jahre alt,-1.0,1.0,1.0,1.0,2.0,2.0,-1.0,-2.0,2.0,-2.0,2.0,0,5
398,1692191675,Gebiet D,Zwischen 41 und 60 Jahre alt,1.0,1.0,2.0,2.0,-1.0,2.0,1.0,2.0,2.0,2.0,2.0,0,5
399,731895818,Gebiet D,Zwischen 26 und 40 Jahre alt,2.0,2.0,2.0,-1.0,2.0,2.0,2.0,2.0,2.0,1.0,2.0,2,5
400,253933770,Gebiet D,Zwischen 61 und 75 Jahre alt,-1.0,-1.0,-2.0,-1.0,-1.0,-1.0,-1.0,2.0,1.0,1.0,1.0,1,5
401,1306441485,Gebiet D,Zwischen 41 und 60 Jahre alt,-2.0,2.0,-1.0,2.0,-2.0,2.0,2.0,2.0,2.0,2.0,2.0,0,5
402,714144280,Gebiet D,Zwischen 41 und 60 Jahre alt,-2.0,1.0,-1.0,2.0,2.0,2.0,2.0,-2.0,2.0,2.0,2.0,0,5
403,521698938,Gebiet D,Zwischen 61 und 75 Jahre alt,1.0,2.0,2.0,1.0,1.0,2.0,1.0,2.0,2.0,2.0,1.0,1,5
404,831536261,Gebiet D,Zwischen 26 und 40 Jahre alt,-2.0,2.0,2.0,2.0,2.0,2.0,2.0,2.0,2.0,2.0,2.0,2,5
405,1452606921,Gebiet D,Zwischen 26 und 40 Jahre alt,1.0,1.0,1.0,2.0,2.0,1.0,2.0,2.0,2.0,2.0,1.0,2,5
406,681277659,Gebiet D,Zwischen 41 und 60 Jahre alt,-2.0,1.0,2.0,2.0,1.0,-1.0,-1.0,-1.0,-1.0,-1.0,-2.0,0,5
407,1171126142,Gebiet D,Über 75 Jahre alt,2.0,2.0,1.0,2.0,2.0,1.0,2.0,2.0,2.0,1.0,2.0,3,5
408,2093050619,Gebiet D,Zwischen 41 und 60 Jahre alt,2.0,1.0,2.0,2.0,1.0,1.0,2.0,1.0,2.0,-1.0,2.0,0,5
409,1689302629,Gebiet D,Zwischen 26 und 40 Jahre alt,2.0,1.0,2.0,2.0,1.0,-1.0,2.0,2.0,2.0,-1.0,1.0,2,5
410,1426597649,Gebiet D,Zwischen 61 und 75 Jahre alt,-1.0,1.0,1.0,2.0,2.0,2.0,1.0,2.0,2.0,2.0,2.0,1,5
411,1655540906,Gebiet D,Zwischen 61 und 75 Jahre alt,0.0,0.0,0.0,0.0,0.0,0.0,0.0,0.0,0.0,0.0,0.0,1,5
412,49522051,Gebiet D,Über 75 Jahre alt,-2.0,-2.0,-2.0,1.0,2.0,1.0,1.0,-1.0,1.0,-1.0,0.0,3,5
413,357287840,Gebiet D,Zwischen 41 und 60 Jahre alt,2.0,2.0,2.0,1.0,1.0,2.0,2.0,-2.0,1.0,1.0,1.0,0,5
414,1351751626,Gebiet D,Zwischen 41 und 60 Jahre alt,-1.0,-1.0,-1.0,-2.0,-1.0,1.0,1.0,2.0,2.0,-1.0,-1.0,0,5
415,1762561585,Gebiet D,Über 75 Jahre alt,-2.0,-2.0,-2.0,-2.0,1.0,1.0,1.0,-1.0,1.0,1.0,-2.0,3,5
416,1002479342,Gebiet D,Zwischen 61 und 75 Jahre alt,1.0,2.0,1.0,1.0,1.0,-1.0,2.0,2.0,2.0,0.0,0.0,1,5
417,698022708,Gebiet D,Zwischen 61 und 75 Jahre alt,-1.0,1.0,1.0,2.0,2.0,1.0,0.0,-1.0,2.0,1.0,2.0,1,5
418,934995235,Gebiet D,Zwischen 41 und 60 Jahre alt,-2.0,-2.0,-2.0,2.0,1.0,1.0,-1.0,2.0,2.0,1.0,2.0,0,5
419,38098275,Gebiet D,Zwischen 61 und 75 Jahre alt,1.0,-1.0,1.0,1.0,1.0,1.0,2.0,2.0,2.0,2.0,2.0,1,5
420,1344376935,Gebiet D,Über 75 Jahre alt,2.0,2.0,2.0,-1.0,0.0,1.0,1.0,1.0,2.0,2.0,-1.0,3,5
421,1034661234,Gebiet D,Zwischen 61 und 75 Jahre alt,1.0,2.0,1.0,1.0,1.0,1.0,1.0,1.0,1.0,1.0,1.0,1,5
422,1671103335,Gebiet D,Zwischen 61 und 75 Jahre alt,-1.0,-2.0,-1.0,2.0,2.0,2.0,2.0,2.0,2.0,2.0,2.0,1,5
423,1163081233,Gebiet D,Über 75 Jahre alt,1.0,-1.0,1.0,2.0,1.0,2.0,-2.0,2.0,2.0,2.0,2.0,3,5
424,976595382,Gebiet D,Zwischen 41 und 60 Jahre alt,-2.0,-2.0,-2.0,1.0,2.0,0.0,1.0,-2.0,2.0,-2.0,2.0,0,5
425,118326945,Gebiet D,Über 75 Jahre alt,-2.0,2.0,2.0,-1.0,2.0,0.0,-2.0,2.0,2.0,-2.0,-1.0,3,5
426,1742750094,Gebiet D,Zwischen 61 und 75 Jahre alt,2.0,-2.0,-1.0,-2.0,2.0,2.0,-1.0,2.0,2.0,2.0,2.0,1,5
427,1912076563,Gebiet D,Zwischen 61 und 75 Jahre alt,1.0,1.0,-1.0,2.0,2.0,2.0,2.0,2.0,2.0,2.0,2.0,1,5
428,1009822589,Gebiet D,Zwischen 41 und 60 Jahre alt,2.0,2.0,2.0,-2.0,2.0,-2.0,2.0,-2.0,2.0,-2.0,-2.0,0,5
429,762256401,Gebiet D,Zwischen 26 und 40 Jahre alt,-2.0,-2.0,-2.0,2.0,2.0,0.0,1.0,-2.0,2.0,1.0,0.0,2,5
430,1168233811,Gebiet D,Zwischen 41 und 60 Jahre alt,-1.0,-1.0,1.0,2.0,2.0,2.0,2.0,2.0,2.0,2.0,2.0,0,5
431,1872116343,Gebiet D,Zwischen 41 und 60 Jahre alt,1.0,1.0,1.0,1.0,1.0,1.0,1.0,2.0,1.0,1.0,2.0,0,5
432,474395904,Gebiet D,Zwischen 26 und 40 Jahre alt,-2.0,1.0,1.0,2.0,2.0,2.0,2.0,1.0,2.0,1.0,-1.0,2,5
433,1260247384,Gebiet D,Zwischen 61 und 75 Jahre alt,-1.0,-2.0,-1.0,1.0,2.0,1.0,1.0,2.0,2.0,1.0,-1.0,1,5
434,1598316889,Gebiet D,Zwischen 61 und 75 Jahre alt,1.0,-1.0,-1.0,1.0,1.0,-1.0,1.0,1.0,2.0,2.0,1.0,1,5
435,88350449,Gebiet D,Zwischen 41 und 60 Jahre alt,-2.0,-1.0,-1.0,-1.0,2.0,1.0,2.0,-2.0,2.0,2.0,1.0,0,5
436,2071348927,Gebiet D,Über 75 Jahre alt,-2.0,2.0,2.0,2.0,2.0,2.0,2.0,-2.0,2.0,-2.0,2.0,3,5
437,1086140372,Gebiet D,Zwischen 41 und 60 Jahre alt,-2.0,-1.0,-1.0,1.0,2.0,1.0,1.0,2.0,2.0,2.0,2.0,0,5
438,668776243,Gebiet D,Zwischen 41 und 60 Jahre alt,-2.0,1.0,1.0,2.0,2.0,1.0,2.0,1.0,2.0,2.0,2.0,0,5
439,2021376235,Gebiet D,Über 75 Jahre alt,-1.0,2.0,0.0,-1.0,2.0,2.0,1.0,2.0,2.0,1.0,2.0,3,5
440,2029553768,Gebiet D,Zwischen 41 und 60 Jahre alt,-2.0,-2.0,-1.0,1.0,1.0,1.0,2.0,1.0,2.0,2.0,2.0,0,5
441,1564977904,Gebiet D,Zwischen 16 und 25 Jahre alt,-1.0,-2.0,1.0,2.0,2.0,1.0,2.0,2.0,2.0,2.0,1.0,4,5
442,1056076413,Gebiet D,Zwischen 26 und 40 Jahre alt,-2.0,-2.0,-2.0,1.0,2.0,2.0,-2.0,-2.0,2.0,2.0,2.0,2,5
443,623008326,Gebiet D,Zwischen 26 und 40 Jahre alt,1.0,-1.0,1.0,-1.0,2.0,1.0,1.0,1.0,1.0,1.0,1.0,2,5
444,430231965,Gebiet D,Zwischen 41 und 60 Jahre alt,1.0,2.0,2.0,2.0,2.0,2.0,2.0,2.0,2.0,2.0,2.0,0,5
445,357023114,Gebiet D,Zwischen 41 und 60 Jahre alt,-2.0,1.0,2.0,2.0,2.0,2.0,1.0,2.0,2.0,-1.0,2.0,0,5
446,1623822409,Gebiet D,Zwischen 41 und 60 Jahre alt,-2.0,1.0,2.0,2.0,2.0,2.0,1.0,2.0,2.0,-1.0,2.0,0,5
447,1363595540,Gebiet D,Zwischen 41 und 60 Jahre alt,-2.0,1.0,1.0,2.0,2.0,2.0,2.0,2.0,2.0,-2.0,2.0,0,5
448,1168818637,Gebiet D,Zwischen 41 und 60 Jahre alt,-1.0,2.0,1.0,2.0,2.0,1.0,2.0,1.0,2.0,2.0,2.0,0,5
449,885636344,Gebiet D,Zwischen 61 und 75 Jahre alt,-1.0,-1.0,-1.0,-2.0,1.0,1.0,-1.0,-2.0,1.0,1.0,-1.0,1,5
450,347411443,Gebiet D,Zwischen 41 und 60 Jahre alt,-1.0,-1.0,1.0,2.0,2.0,1.0,1.0,0.0,1.0,1.0,1.0,0,5
451,2115311750,Gebiet D,Zwischen 41 und 60 Jahre alt,1.0,-2.0,0.0,-2.0,1.0,1.0,2.0,-1.0,2.0,1.0,1.0,0,5
452,845379173,Gebiet D,Zwischen 61 und 75 Jahre alt,2.0,2.0,2.0,2.0,2.0,2.0,2.0,2.0,2.0,2.0,2.0,1,5
453,937199443,Gebiet D,Zwischen 41 und 60 Jahre alt,1.0,-2.0,1.0,-1.0,2.0,1.0,1.0,1.0,1.0,1.0,1.0,0,5
454,1796685568,Gebiet D,Zwischen 26 und 40 Jahre alt,2.0,2.0,2.0,2.0,-1.0,2.0,-2.0,2.0,2.0,2.0,2.0,2,5
455,795901026,Gebiet D,Zwischen 61 und 75 Jahre alt,1.0,1.0,1.0,2.0,2.0,1.0,2.0,2.0,2.0,2.0,1.0,1,5
456,1927909433,Gebiet D,Zwischen 61 und 75 Jahre alt,2.0,2.0,2.0,-1.0,2.0,2.0,2.0,2.0,2.0,2.0,2.0,1,5
457,1301671569,Gebiet D,Über 75 Jahre alt,-2.0,-2.0,-2.0,2.0,2.0,2.0,-2.0,1.0,2.0,2.0,2.0,3,5
458,644403471,Gebiet D,Zwischen 41 und 60 Jahre alt,-2.0,2.0,1.0,2.0,2.0,2.0,-2.0,2.0,2.0,1.0,0.0,0,5
459,1148276372,Gebiet D,Zwischen 41 und 60 Jahre alt,-2.0,2.0,2.0,2.0,2.0,2.0,2.0,2.0,2.0,2.0,2.0,0,5
460,647984989,Gebiet D,Über 75 Jahre alt,-2.0,1.0,-1.0,2.0,1.0,2.0,2.0,2.0,2.0,2.0,2.0,3,5
461,1183309353,Gebiet D,Zwischen 41 und 60 Jahre alt,-1.0,-1.0,-2.0,2.0,2.0,2.0,2.0,-2.0,2.0,2.0,2.0,0,5
462,9826590,Gebiet D,Zwischen 41 und 60 Jahre alt,-2.0,2.0,1.0,1.0,-1.0,-1.0,2.0,2.0,2.0,2.0,2.0,0,5
463,1454625740,Gebiet D,Zwischen 41 und 60 Jahre alt,-2.0,2.0,1.0,2.0,2.0,2.0,1.0,1.0,2.0,1.0,2.0,0,5
464,737715271,Gebiet D,Über 75 Jahre alt,1.0,0.0,0.0,1.0,2.0,2.0,0.0,1.0,2.0,2.0,0.0,3,5
465,68236459,Gebiet D,Zwischen 41 und 60 Jahre alt,-2.0,2.0,2.0,2.0,1.0,1.0,-1.0,0.0,2.0,-1.0,2.0,0,5
466,1886246311,Gebiet D,Zwischen 41 und 60 Jahre alt,-2.0,0.0,1.0,2.0,1.0,-1.0,2.0,2.0,1.0,-1.0,2.0,0,5
467,1506417892,Gebiet D,Zwischen 41 und 60 Jahre alt,-2.0,-2.0,-1.0,1.0,1.0,1.0,1.0,1.0,-2.0,-1.0,-1.0,0,5
468,1540429594,Gebiet D,Zwischen 16 und 25 Jahre alt,1.0,-2.0,-1.0,2.0,2.0,1.0,1.0,1.0,2.0,2.0,2.0,4,5
469,544858114,Gebiet D,Zwischen 41 und 60 Jahre alt,-1.0,2.0,2.0,2.0,2.0,2.0,2.0,2.0,2.0,2.0,2.0,0,5
470,322832216,Gebiet D,Zwischen 41 und 60 Jahre alt,-2.0,-2.0,-2.0,2.0,2.0,1.0,2.0,2.0,2.0,-2.0,2.0,0,5
471,971449603,Gebiet D,Zwischen 61 und 75 Jahre alt,1.0,1.0,1.0,1.0,-2.0,1.0,2.0,1.0,1.0,2.0,1.0,1,5
472,1120511603,Gebiet D,Über 75 Jahre alt,1.0,-1.0,-1.0,1.0,1.0,2.0,2.0,0.0,2.0,-1.0,0.0,3,5
473,99542658,Gebiet D,Zwischen 41 und 60 Jahre alt,-1.0,2.0,2.0,1.0,0.0,1.0,2.0,-1.0,2.0,1.0,0.0,0,5
474,338872616,Gebiet D,Zwischen 26 und 40 Jahre alt,0.0,1.0,0.0,2.0,2.0,1.0,2.0,2.0,2.0,0.0,0.0,2,5
475,1182410391,Gebiet D,Zwischen 26 und 40 Jahre alt,0.0,2.0,2.0,2.0,2.0,2.0,2.0,2.0,2.0,2.0,2.0,2,5
476,404235755,Gebiet D,Zwischen 26 und 40 Jahre alt,1.0,1.0,1.0,1.0,1.0,1.0,1.0,1.0,1.0,1.0,1.0,2,5
477,790084440,Gebiet D,Zwischen 26 und 40 Jahre alt,1.0,1.0,-1.0,2.0,2.0,0.0,1.0,-2.0,2.0,1.0,1.0,2,5
478,1994320711,Gebiet D,Zwischen 61 und 75 Jahre alt,-1.0,0.0,1.0,2.0,2.0,2.0,2.0,2.0,2.0,2.0,2.0,1,5
479,663961779,Gebiet D,Zwischen 41 und 60 Jahre alt,1.0,1.0,-1.0,2.0,2.0,2.0,1.0,2.0,2.0,2.0,2.0,0,5
480,954533954,Gebiet D,Zwischen 61 und 75 Jahre alt,-2.0,-2.0,-1.0,2.0,2.0,1.0,2.0,2.0,1.0,1.0,1.0,1,5
481,943461534,Gebiet D,Zwischen 41 und 60 Jahre alt,-2.0,1.0,-1.0,2.0,1.0,2.0,2.0,2.0,2.0,1.0,2.0,0,5
482,410046113,Gebiet D,Zwischen 41 und 60 Jahre alt,-2.0,0.0,1.0,2.0,2.0,1.0,2.0,2.0,2.0,2.0,2.0,0,5
483,2136675802,Gebiet D,Zwischen 41 und 60 Jahre alt,1.0,0.0,-1.0,1.0,1.0,2.0,1.0,2.0,2.0,2.0,2.0,0,5
484,412397091,Gebiet D,Zwischen 26 und 40 Jahre alt,2.0,2.0,2.0,2.0,2.0,2.0,2.0,2.0,2.0,2.0,2.0,2,5
485,1249101176,Gebiet D,Über 75 Jahre alt,1.0,2.0,2.0,-1.0,0.0,1.0,0.0,-2.0,-1.0,1.0,-2.0,3,5
486,1956260631,Gebiet D,Zwischen 26 und 40 Jahre alt,2.0,2.0,2.0,2.0,2.0,2.0,2.0,-2.0,1.0,1.0,-1.0,2,5
487,1050244305,Gebiet D,Zwischen 61 und 75 Jahre alt,-2.0,-2.0,-2.0,2.0,2.0,-2.0,-2.0,-2.0,2.0,2.0,1.0,1,5
488,519453494,Gebiet D,Zwischen 41 und 60 Jahre alt,1.0,2.0,2.0,2.0,2.0,2.0,2.0,2.0,2.0,2.0,2.0,0,5
489,1198032149,Gebiet D,Zwischen 26 und 40 Jahre alt,2.0,-2.0,1.0,2.0,2.0,2.0,2.0,-1.0,2.0,2.0,2.0,2,5
490,1901852364,Gebiet D,Zwischen 41 und 60 Jahre alt,-2.0,-2.0,-2.0,-2.0,2.0,2.0,-2.0,-1.0,1.0,-2.0,-1.0,0,5
491,2084749029,Gebiet D,Zwischen 41 und 60 Jahre alt,-1.0,-2.0,-2.0,2.0,2.0,2.0,1.0,2.0,2.0,1.0,1.0,0,5
492,1307435845,Gebiet D,Zwischen 61 und 75 Jahre alt,-2.0,-1.0,2.0,2.0,1.0,2.0,2.0,2.0,2.0,2.0,2.0,1,5
493,2016930283,Gebiet D,Zwischen 41 und 60 Jahre alt,1.0,1.0,1.0,-2.0,-1.0,1.0,-2.0,2.0,2.0,1.0,1.0,0,5
494,765798552,Gebiet D,Zwischen 26 und 40 Jahre alt,2.0,2.0,0.0,-1.0,0.0,1.0,-1.0,-1.0,1.0,2.0,1.0,2,5
495,1475966962,Gebiet D,Zwischen 41 und 60 Jahre alt,-2.0,1.0,-2.0,1.0,2.0,1.0,1.0,1.0,2.0,2.0,2.0,0,5
496,86450552,Gebiet D,Zwischen 26 und 40 Jahre alt,-2.0,2.0,2.0,1.0,1.0,2.0,2.0,-2.0,1.0,2.0,-2.0,2,5
497,1668466619,Gebiet D,Zwischen 61 und 75 Jahre alt,-1.0,2.0,2.0,1.0,1.0,2.0,1.0,1.0,2.0,2.0,2.0,1,5
498,2085947926,Gebiet D,Zwischen 41 und 60 Jahre alt,-2.0,-2.0,-2.0,2.0,0.0,-2.0,2.0,2.0,1.0,1.0,2.0,0,5
499,782492548,Gebiet D,Zwischen 41 und 60 Jahre alt,1.0,2.0,2.0,2.0,2.0,2.0,2.0,2.0,2.0,1.0,2.0,0,5
500,1758630437,Gebiet D,Zwischen 41 und 60 Jahre alt,-2.0,-2.0,-2.0,2.0,2.0,2.0,-2.0,2.0,2.0,1.0,2.0,0,5
501,1272143508,Gebiet D,Zwischen 41 und 60 Jahre alt,-2.0,-2.0,-2.0,2.0,2.0,2.0,-2.0,2.0,2.0,-1.0,2.0,0,5
502,1256863338,Gebiet D,Zwischen 26 und 40 Jahre alt,1.0,2.0,2.0,2.0,2.0,2.0,1.0,1.0,2.0,2.0,2.0,2,5
503,1732309398,Gebiet D,Über 75 Jahre alt,-2.0,-1.0,-1.0,1.0,2.0,-1.0,2.0,2.0,2.0,1.0,2.0,3,5
504,1932810501,Gebiet D,Zwischen 41 und 60 Jahre alt,-1.0,-2.0,-1.0,2.0,2.0,2.0,2.0,2.0,2.0,1.0,2.0,0,5
505,548585367,Gebiet D,Zwischen 41 und 60 Jahre alt,-2.0,-2.0,-2.0,0.0,2.0,-1.0,2.0,2.0,-1.0,-2.0,-2.0,0,5
506,995097863,Gebiet D,Zwischen 41 und 60 Jahre alt,-2.0,-2.0,-2.0,2.0,2.0,-2.0,-2.0,-2.0,2.0,2.0,2.0,0,5
507,103377094,Gebiet D,Zwischen 61 und 75 Jahre alt,-2.0,-2.0,-2.0,1.0,1.0,1.0,1.0,1.0,2.0,1.0,1.0,1,5
508,334683068,Gebiet D,Zwischen 41 und 60 Jahre alt,-1.0,2.0,2.0,1.0,2.0,2.0,2.0,2.0,2.0,2.0,2.0,0,5
509,703783375,Gebiet D,Zwischen 61 und 75 Jahre alt,-1.0,1.0,1.0,2.0,2.0,2.0,2.0,1.0,2.0,1.0,2.0,1,5
510,967323329,Gebiet D,Zwischen 26 und 40 Jahre alt,-1.0,2.0,2.0,0.0,0.0,1.0,-2.0,2.0,2.0,1.0,0.0,2,5
511,1505033186,Gebiet D,Über 75 Jahre alt,0.0,0.0,0.0,0.0,0.0,0.0,0.0,0.0,0.0,0.0,0.0,3,5
512,1777184886,Gebiet D,Zwischen 41 und 60 Jahre alt,-2.0,2.0,1.0,2.0,1.0,-1.0,2.0,2.0,1.0,2.0,1.0,0,5
513,1100336051,Gebiet D,Über 75 Jahre alt,-2.0,-1.0,-1.0,2.0,2.0,1.0,2.0,-2.0,2.0,2.0,-2.0,3,5
514,2007587751,Gebiet D,Zwischen 41 und 60 Jahre alt,1.0,-1.0,1.0,2.0,2.0,2.0,2.0,2.0,2.0,2.0,1.0,0,5
515,1681731533,Gebiet D,Zwischen 41 und 60 Jahre alt,-1.0,2.0,2.0,-1.0,1.0,2.0,1.0,2.0,2.0,1.0,2.0,0,5
516,1580449296,Gebiet D,Zwischen 26 und 40 Jahre alt,1.0,1.0,1.0,-1.0,-1.0,1.0,-1.0,2.0,2.0,2.0,2.0,2,5
517,1447509065,Gebiet E,Zwischen 26 und 40 Jahre alt,-1.0,-2.0,-2.0,-1.0,1.0,2.0,0.0,0.0,0.0,0.0,0.0,2,6
518,973484250,Gebiet E,Zwischen 41 und 60 Jahre alt,-2.0,2.0,2.0,2.0,2.0,1.0,2.0,0.0,2.0,1.0,2.0,0,6
519,104963053,Gebiet E,Zwischen 41 und 60 Jahre alt,2.0,-1.0,2.0,2.0,2.0,2.0,2.0,2.0,2.0,2.0,2.0,0,6
520,1810683500,Gebiet E,Zwischen 41 und 60 Jahre alt,2.0,0.0,1.0,2.0,2.0,2.0,2.0,0.0,1.0,1.0,1.0,0,6
521,362261272,Gebiet E,Zwischen 41 und 60 Jahre alt,2.0,2.0,2.0,1.0,0.0,0.0,0.0,0.0,0.0,0.0,0.0,0,6
522,2030399769,Gebiet E,Zwischen 26 und 40 Jahre alt,-1.0,1.0,-1.0,2.0,2.0,1.0,1.0,1.0,2.0,1.0,1.0,2,6
523,568550475,Gebiet E,Zwischen 41 und 60 Jahre alt,2.0,2.0,-1.0,1.0,0.0,-1.0,0.0,-2.0,0.0,-2.0,-2.0,0,6
524,494670779,Gebiet E,Zwischen 41 und 60 Jahre alt,2.0,2.0,2.0,-1.0,1.0,1.0,1.0,2.0,2.0,1.0,2.0,0,6
525,1849921374,Gebiet E,Zwischen 41 und 60 Jahre alt,2.0,2.0,2.0,2.0,2.0,0.0,2.0,2.0,2.0,2.0,2.0,0,6
526,1796367009,Gebiet E,Zwischen 26 und 40 Jahre alt,1.0,1.0,-1.0,2.0,2.0,-1.0,2.0,1.0,2.0,1.0,1.0,2,6
527,1112667155,Gebiet E,Zwischen 26 und 40 Jahre alt,1.0,-1.0,-1.0,2.0,2.0,1.0,2.0,1.0,1.0,0.0,1.0,2,6
528,1859971674,Gebiet E,Zwischen 41 und 60 Jahre alt,1.0,2.0,1.0,2.0,0.0,2.0,-1.0,-1.0,2.0,-2.0,-2.0,0,6
529,1790117922,Gebiet E,Zwischen 41 und 60 Jahre alt,-2.0,1.0,1.0,1.0,2.0,2.0,1.0,1.0,2.0,2.0,1.0,0,6
530,829444533,Gebiet E,Zwischen 26 und 40 Jahre alt,2.0,2.0,2.0,-1.0,-1.0,2.0,1.0,-1.0,2.0,2.0,2.0,2,6
531,396798176,Gebiet E,Zwischen 41 und 60 Jahre alt,-1.0,1.0,1.0,2.0,2.0,2.0,2.0,2.0,2.0,2.0,2.0,0,6
532,221584388,Gebiet E,Zwischen 61 und 75 Jahre alt,2.0,2.0,2.0,2.0,2.0,2.0,2.0,2.0,2.0,2.0,2.0,1,6
533,715600589,Gebiet E,Zwischen 41 und 60 Jahre alt,2.0,2.0,2.0,2.0,1.0,2.0,1.0,-2.0,1.0,2.0,-2.0,0,6
534,40587712,Gebiet E,Zwischen 41 und 60 Jahre alt,-2.0,-1.0,1.0,2.0,2.0,2.0,2.0,2.0,2.0,2.0,2.0,0,6
535,1405519462,Gebiet E,Zwischen 61 und 75 Jahre alt,1.0,1.0,1.0,2.0,2.0,2.0,2.0,2.0,2.0,2.0,2.0,1,6
536,1688305344,Gebiet E,Zwischen 26 und 40 Jahre alt,1.0,2.0,2.0,-1.0,0.0,2.0,2.0,2.0,2.0,2.0,1.0,2,6
537,1348816047,Gebiet E,Zwischen 41 und 60 Jahre alt,-2.0,2.0,1.0,2.0,2.0,2.0,2.0,2.0,2.0,2.0,2.0,0,6
538,1920762061,Gebiet E,Zwischen 26 und 40 Jahre alt,-1.0,2.0,2.0,-1.0,2.0,0.0,1.0,2.0,2.0,2.0,2.0,2,6
539,1488049584,Gebiet E,Zwischen 61 und 75 Jahre alt,2.0,2.0,2.0,2.0,2.0,2.0,2.0,2.0,2.0,2.0,1.0,1,6
540,1025807732,Gebiet E,Zwischen 41 und 60 Jahre alt,-2.0,1.0,-2.0,-2.0,2.0,1.0,1.0,2.0,2.0,1.0,2.0,0,6
541,300228138,Gebiet E,Zwischen 61 und 75 Jahre alt,-1.0,1.0,-1.0,2.0,2.0,2.0,2.0,2.0,2.0,2.0,2.0,1,6
542,454020978,Gebiet E,Zwischen 61 und 75 Jahre alt,-2.0,-2.0,-2.0,2.0,2.0,2.0,-2.0,2.0,2.0,2.0,1.0,1,6
543,1981929457,Gebiet E,Zwischen 41 und 60 Jahre alt,-1.0,2.0,2.0,-1.0,-1.0,2.0,1.0,-1.0,2.0,1.0,-1.0,0,6
544,2139846098,Gebiet E,Zwischen 26 und 40 Jahre alt,-1.0,2.0,2.0,2.0,0.0,2.0,1.0,2.0,2.0,1.0,2.0,2,6
545,273381580,Gebiet E,Zwischen 61 und 75 Jahre alt,1.0,-2.0,-1.0,2.0,2.0,1.0,2.0,-1.0,2.0,1.0,2.0,1,6
546,96626853,Gebiet E,Zwischen 41 und 60 Jahre alt,-1.0,1.0,2.0,2.0,2.0,2.0,1.0,1.0,2.0,2.0,2.0,0,6
547,1869385453,Gebiet E,Zwischen 41 und 60 Jahre alt,1.0,1.0,-1.0,2.0,1.0,1.0,0.0,1.0,2.0,1.0,1.0,0,6
548,867845297,Gebiet E,Zwischen 41 und 60 Jahre alt,-1.0,2.0,2.0,2.0,2.0,2.0,2.0,2.0,2.0,1.0,2.0,0,6
549,1323012966,Gebiet E,Zwischen 61 und 75 Jahre alt,-2.0,2.0,1.0,2.0,2.0,1.0,1.0,2.0,2.0,2.0,2.0,1,6
550,654721633,Gebiet E,Zwischen 41 und 60 Jahre alt,-2.0,-2.0,-2.0,1.0,1.0,2.0,-1.0,2.0,1.0,2.0,1.0,0,6
551,1196002838,Gebiet E,Zwischen 41 und 60 Jahre alt,-1.0,1.0,1.0,2.0,2.0,2.0,2.0,2.0,2.0,2.0,2.0,0,6
552,2087145908,Gebiet E,Zwischen 41 und 60 Jahre alt,1.0,-1.0,-1.0,2.0,2.0,1.0,2.0,2.0,2.0,2.0,2.0,0,6
553,725033348,Gebiet E,Zwischen 41 und 60 Jahre alt,1.0,-1.0,1.0,2.0,2.0,1.0,2.0,-1.0,2.0,2.0,2.0,0,6
554,1669584729,Gebiet E,Zwischen 41 und 60 Jahre alt,-2.0,1.0,2.0,2.0,2.0,2.0,0.0,2.0,2.0,1.0,2.0,0,6
555,1617899948,Gebiet E,Zwischen 41 und 60 Jahre alt,2.0,2.0,2.0,1.0,2.0,2.0,2.0,2.0,2.0,1.0,1.0,0,6
556,1703686094,Gebiet E,Zwischen 41 und 60 Jahre alt,1.0,1.0,1.0,1.0,1.0,1.0,2.0,2.0,2.0,2.0,2.0,0,6
557,374165999,Gebiet E,Zwischen 26 und 40 Jahre alt,-2.0,2.0,2.0,2.0,2.0,2.0,2.0,2.0,2.0,2.0,0.0,2,6
558,754548669,Gebiet E,Zwischen 41 und 60 Jahre alt,1.0,2.0,0.0,1.0,1.0,1.0,0.0,-1.0,2.0,2.0,2.0,0,6
559,1741902410,Gebiet E,Zwischen 61 und 75 Jahre alt,-1.0,1.0,-1.0,2.0,-1.0,1.0,-2.0,-1.0,-2.0,2.0,-1.0,1,6
560,1789970472,Gebiet E,Zwischen 41 und 60 Jahre alt,2.0,-1.0,-1.0,0.0,2.0,2.0,2.0,2.0,2.0,2.0,2.0,0,6
561,1662491003,Gebiet E,Zwischen 41 und 60 Jahre alt,-2.0,1.0,0.0,2.0,1.0,1.0,0.0,-1.0,2.0,2.0,-2.0,0,6
562,1773309681,Gebiet E,Zwischen 41 und 60 Jahre alt,2.0,2.0,2.0,1.0,2.0,2.0,2.0,2.0,2.0,1.0,2.0,0,6
563,1298208211,Gebiet E,Zwischen 41 und 60 Jahre alt,1.0,2.0,1.0,1.0,1.0,2.0,0.0,2.0,2.0,2.0,2.0,0,6
564,882977017,Gebiet E,Zwischen 41 und 60 Jahre alt,1.0,2.0,-1.0,2.0,1.0,1.0,2.0,2.0,1.0,-1.0,-2.0,0,6
565,855012702,Gebiet E,Zwischen 61 und 75 Jahre alt,1.0,2.0,2.0,-1.0,1.0,2.0,-1.0,2.0,2.0,1.0,1.0,1,6
566,288371647,Gebiet E,Zwischen 26 und 40 Jahre alt,1.0,0.0,-1.0,2.0,2.0,2.0,2.0,2.0,2.0,2.0,1.0,2,6
567,672313296,Gebiet E,Zwischen 26 und 40 Jahre alt,1.0,2.0,1.0,-1.0,1.0,2.0,2.0,2.0,2.0,2.0,2.0,2,6
568,744326183,Gebiet E,Zwischen 41 und 60 Jahre alt,2.0,2.0,2.0,2.0,2.0,2.0,2.0,2.0,2.0,2.0,2.0,0,6
569,622609165,Gebiet E,Zwischen 16 und 25 Jahre alt,2.0,2.0,2.0,0.0,1.0,1.0,-1.0,1.0,2.0,2.0,1.0,4,6
570,1458527772,Gebiet E,Zwischen 41 und 60 Jahre alt,-1.0,-1.0,0.0,2.0,2.0,2.0,2.0,2.0,2.0,2.0,2.0,0,6
571,920877536,Gebiet E,Zwischen 61 und 75 Jahre alt,-2.0,1.0,1.0,2.0,1.0,2.0,2.0,2.0,2.0,2.0,2.0,1,6
